ISO-10303-21;
HEADER;
FILE_DESCRIPTION(('FreeCAD Model'),'2;1');
FILE_NAME('Open CASCADE Shape Model','2026-06-16T16:52:54',('Author'),(
    ''),'Open CASCADE STEP processor 7.8','FreeCAD','Unknown');
FILE_SCHEMA(('AUTOMOTIVE_DESIGN { 1 0 10303 214 1 1 1 1 }'));
ENDSEC;
DATA;
#1 = APPLICATION_PROTOCOL_DEFINITION('international standard',
  'automotive_design',2000,#2);
#2 = APPLICATION_CONTEXT(
  'core data for automotive mechanical design processes');
#3 = SHAPE_DEFINITION_REPRESENTATION(#4,#10);
#4 = PRODUCT_DEFINITION_SHAPE('','',#5);
#5 = PRODUCT_DEFINITION('design','',#6,#9);
#6 = PRODUCT_DEFINITION_FORMATION('','',#7);
#7 = PRODUCT('Bottom Case','Bottom Case','',(#8));
#8 = PRODUCT_CONTEXT('',#2,'mechanical');
#9 = PRODUCT_DEFINITION_CONTEXT('part definition',#2,'design');
#10 = ADVANCED_BREP_SHAPE_REPRESENTATION('',(#11,#15),#2571);
#11 = AXIS2_PLACEMENT_3D('',#12,#13,#14);
#12 = CARTESIAN_POINT('',(0.,0.,0.));
#13 = DIRECTION('',(0.,0.,1.));
#14 = DIRECTION('',(1.,0.,-0.));
#15 = MANIFOLD_SOLID_BREP('',#16);
#16 = CLOSED_SHELL('',(#17,#225,#250,#275,#300,#325,#350,#375,#406,#431,
    #456,#480,#504,#529,#554,#571,#596,#621,#646,#671,#696,#721,#746,
    #771,#796,#821,#846,#871,#957,#982,#1007,#1032,#1057,#1082,#1107,
    #1116,#1125,#1134,#1143,#1152,#1161,#1192,#1217,#1242,#1266,#1290,
    #1315,#1340,#1357,#1366,#1375,#1384,#1393,#1402,#1411,#1444,#1482,
    #1520,#1545,#1570,#1608,#1646,#1663,#1819,#1850,#1875,#1900,#1924,
    #1948,#1973,#1998,#2015,#2046,#2071,#2096,#2120,#2144,#2169,#2194,
    #2211,#2244,#2261,#2278,#2303,#2328,#2345,#2362,#2379,#2412,#2429,
    #2446,#2471,#2496,#2513,#2530,#2547,#2559));
#17 = ADVANCED_FACE('',(#18,#29,#40,#51,#62,#73,#84,#154,#165,#176,#187,
    #198,#209),#220,.T.);
#18 = FACE_BOUND('',#19,.T.);
#19 = EDGE_LOOP('',(#20));
#20 = ORIENTED_EDGE('',*,*,#21,.F.);
#21 = EDGE_CURVE('',#22,#22,#24,.T.);
#22 = VERTEX_POINT('',#23);
#23 = CARTESIAN_POINT('',(100.406479,-55.625591,7.));
#24 = CIRCLE('',#25,6.534348);
#25 = AXIS2_PLACEMENT_3D('',#26,#27,#28);
#26 = CARTESIAN_POINT('',(93.872131,-55.625591,7.));
#27 = DIRECTION('',(0.,0.,1.));
#28 = DIRECTION('',(1.,0.,-0.));
#29 = FACE_BOUND('',#30,.T.);
#30 = EDGE_LOOP('',(#31));
#31 = ORIENTED_EDGE('',*,*,#32,.F.);
#32 = EDGE_CURVE('',#33,#33,#35,.T.);
#33 = VERTEX_POINT('',#34);
#34 = CARTESIAN_POINT('',(290.808029,15.259911,7.));
#35 = CIRCLE('',#36,6.610306);
#36 = AXIS2_PLACEMENT_3D('',#37,#38,#39);
#37 = CARTESIAN_POINT('',(284.197723,15.259911,7.));
#38 = DIRECTION('',(-0.,0.,1.));
#39 = DIRECTION('',(1.,-6.8E-16,0.));
#40 = FACE_BOUND('',#41,.T.);
#41 = EDGE_LOOP('',(#42));
#42 = ORIENTED_EDGE('',*,*,#43,.F.);
#43 = EDGE_CURVE('',#44,#44,#46,.T.);
#44 = VERTEX_POINT('',#45);
#45 = CARTESIAN_POINT('',(353.846063,14.919182,7.));
#46 = CIRCLE('',#47,6.557672);
#47 = AXIS2_PLACEMENT_3D('',#48,#49,#50);
#48 = CARTESIAN_POINT('',(347.288391,14.919182,7.));
#49 = DIRECTION('',(0.,0.,1.));
#50 = DIRECTION('',(1.,0.,0.));
#51 = FACE_BOUND('',#52,.T.);
#52 = EDGE_LOOP('',(#53));
#53 = ORIENTED_EDGE('',*,*,#54,.F.);
#54 = EDGE_CURVE('',#55,#55,#57,.T.);
#55 = VERTEX_POINT('',#56);
#56 = CARTESIAN_POINT('',(354.38705508171,-50.107323,7.));
#57 = CIRCLE('',#58,6.554230081718);
#58 = AXIS2_PLACEMENT_3D('',#59,#60,#61);
#59 = CARTESIAN_POINT('',(347.832825,-50.107323,7.));
#60 = DIRECTION('',(0.,0.,1.));
#61 = DIRECTION('',(1.,0.,0.));
#62 = FACE_BOUND('',#63,.T.);
#63 = EDGE_LOOP('',(#64));
#64 = ORIENTED_EDGE('',*,*,#65,.F.);
#65 = EDGE_CURVE('',#66,#66,#68,.T.);
#66 = VERTEX_POINT('',#67);
#67 = CARTESIAN_POINT('',(290.42954983442,-50.27615,7.));
#68 = CIRCLE('',#69,6.698836834429);
#69 = AXIS2_PLACEMENT_3D('',#70,#71,#72);
#70 = CARTESIAN_POINT('',(283.730713,-50.27615,7.));
#71 = DIRECTION('',(0.,0.,1.));
#72 = DIRECTION('',(1.,0.,0.));
#73 = FACE_BOUND('',#74,.T.);
#74 = EDGE_LOOP('',(#75));
#75 = ORIENTED_EDGE('',*,*,#76,.F.);
#76 = EDGE_CURVE('',#77,#77,#79,.T.);
#77 = VERTEX_POINT('',#78);
#78 = CARTESIAN_POINT('',(277.18102269159,-56.18869,7.));
#79 = CIRCLE('',#80,6.659324691591);
#80 = AXIS2_PLACEMENT_3D('',#81,#82,#83);
#81 = CARTESIAN_POINT('',(270.521698,-56.18869,7.));
#82 = DIRECTION('',(0.,0.,1.));
#83 = DIRECTION('',(1.,0.,0.));
#84 = FACE_BOUND('',#85,.T.);
#85 = EDGE_LOOP('',(#86,#96,#105,#113,#122,#130,#139,#147));
#86 = ORIENTED_EDGE('',*,*,#87,.T.);
#87 = EDGE_CURVE('',#88,#90,#92,.T.);
#88 = VERTEX_POINT('',#89);
#89 = CARTESIAN_POINT('',(357.615067,-64.032368,7.));
#90 = VERTEX_POINT('',#91);
#91 = CARTESIAN_POINT('',(357.615067,21.967632,7.));
#92 = LINE('',#93,#94);
#93 = CARTESIAN_POINT('',(357.615067,-64.032368,7.));
#94 = VECTOR('',#95,1.);
#95 = DIRECTION('',(0.,1.,0.));
#96 = ORIENTED_EDGE('',*,*,#97,.T.);
#97 = EDGE_CURVE('',#90,#98,#100,.T.);
#98 = VERTEX_POINT('',#99);
#99 = CARTESIAN_POINT('',(348.28641817381,31.296280826186,7.));
#100 = CIRCLE('',#101,9.328648826186);
#101 = AXIS2_PLACEMENT_3D('',#102,#103,#104);
#102 = CARTESIAN_POINT('',(348.28641817381,21.967632,7.));
#103 = DIRECTION('',(0.,0.,1.));
#104 = DIRECTION('',(1.,0.,0.));
#105 = ORIENTED_EDGE('',*,*,#106,.T.);
#106 = EDGE_CURVE('',#98,#107,#109,.T.);
#107 = VERTEX_POINT('',#108);
#108 = CARTESIAN_POINT('',(12.286418173814,31.296280826186,7.));
#109 = LINE('',#110,#111);
#110 = CARTESIAN_POINT('',(348.28641817381,31.296280826186,7.));
#111 = VECTOR('',#112,1.);
#112 = DIRECTION('',(-1.,0.,0.));
#113 = ORIENTED_EDGE('',*,*,#114,.T.);
#114 = EDGE_CURVE('',#107,#115,#117,.T.);
#115 = VERTEX_POINT('',#116);
#116 = CARTESIAN_POINT('',(2.957769347629,21.967632,7.));
#117 = CIRCLE('',#118,9.328648826186);
#118 = AXIS2_PLACEMENT_3D('',#119,#120,#121);
#119 = CARTESIAN_POINT('',(12.286418173814,21.967632,7.));
#120 = DIRECTION('',(0.,0.,1.));
#121 = DIRECTION('',(1.,0.,0.));
#122 = ORIENTED_EDGE('',*,*,#123,.T.);
#123 = EDGE_CURVE('',#115,#124,#126,.T.);
#124 = VERTEX_POINT('',#125);
#125 = CARTESIAN_POINT('',(2.957769347629,-64.032368,7.));
#126 = LINE('',#127,#128);
#127 = CARTESIAN_POINT('',(2.957769347629,21.967632,7.));
#128 = VECTOR('',#129,1.);
#129 = DIRECTION('',(0.,-1.,0.));
#130 = ORIENTED_EDGE('',*,*,#131,.T.);
#131 = EDGE_CURVE('',#124,#132,#134,.T.);
#132 = VERTEX_POINT('',#133);
#133 = CARTESIAN_POINT('',(12.286418173814,-73.36101682618,7.));
#134 = CIRCLE('',#135,9.328648826186);
#135 = AXIS2_PLACEMENT_3D('',#136,#137,#138);
#136 = CARTESIAN_POINT('',(12.286418173814,-64.032368,7.));
#137 = DIRECTION('',(0.,0.,1.));
#138 = DIRECTION('',(1.,0.,0.));
#139 = ORIENTED_EDGE('',*,*,#140,.T.);
#140 = EDGE_CURVE('',#132,#141,#143,.T.);
#141 = VERTEX_POINT('',#142);
#142 = CARTESIAN_POINT('',(348.28641817381,-73.36101682618,7.));
#143 = LINE('',#144,#145);
#144 = CARTESIAN_POINT('',(12.286418173814,-73.36101682618,7.));
#145 = VECTOR('',#146,1.);
#146 = DIRECTION('',(1.,0.,0.));
#147 = ORIENTED_EDGE('',*,*,#148,.T.);
#148 = EDGE_CURVE('',#141,#88,#149,.T.);
#149 = CIRCLE('',#150,9.328648826186);
#150 = AXIS2_PLACEMENT_3D('',#151,#152,#153);
#151 = CARTESIAN_POINT('',(348.28641817381,-64.032368,7.));
#152 = DIRECTION('',(0.,0.,1.));
#153 = DIRECTION('',(1.,0.,0.));
#154 = FACE_BOUND('',#155,.T.);
#155 = EDGE_LOOP('',(#156));
#156 = ORIENTED_EDGE('',*,*,#157,.F.);
#157 = EDGE_CURVE('',#158,#158,#160,.T.);
#158 = VERTEX_POINT('',#159);
#159 = CARTESIAN_POINT('',(276.75394577602,22.072662,7.));
#160 = CIRCLE('',#161,6.446633776025);
#161 = AXIS2_PLACEMENT_3D('',#162,#163,#164);
#162 = CARTESIAN_POINT('',(270.307312,22.072662,7.));
#163 = DIRECTION('',(0.,0.,1.));
#164 = DIRECTION('',(1.,0.,0.));
#165 = FACE_BOUND('',#166,.T.);
#166 = EDGE_LOOP('',(#167));
#167 = ORIENTED_EDGE('',*,*,#168,.F.);
#168 = EDGE_CURVE('',#169,#169,#171,.T.);
#169 = VERTEX_POINT('',#170);
#170 = CARTESIAN_POINT('',(85.972150532885,-54.785213,7.));
#171 = CIRCLE('',#172,6.574918532885);
#172 = AXIS2_PLACEMENT_3D('',#173,#174,#175);
#173 = CARTESIAN_POINT('',(79.397232,-54.785213,7.));
#174 = DIRECTION('',(0.,0.,1.));
#175 = DIRECTION('',(1.,0.,-0.));
#176 = FACE_BOUND('',#177,.T.);
#177 = EDGE_LOOP('',(#178));
#178 = ORIENTED_EDGE('',*,*,#179,.F.);
#179 = EDGE_CURVE('',#180,#180,#182,.T.);
#180 = VERTEX_POINT('',#181);
#181 = CARTESIAN_POINT('',(21.397285,-54.111717,7.));
#182 = CIRCLE('',#183,6.701205);
#183 = AXIS2_PLACEMENT_3D('',#184,#185,#186);
#184 = CARTESIAN_POINT('',(14.69608,-54.111717,7.));
#185 = DIRECTION('',(0.,0.,1.));
#186 = DIRECTION('',(1.,0.,-0.));
#187 = FACE_BOUND('',#188,.T.);
#188 = EDGE_LOOP('',(#189));
#189 = ORIENTED_EDGE('',*,*,#190,.F.);
#190 = EDGE_CURVE('',#191,#191,#193,.T.);
#191 = VERTEX_POINT('',#192);
#192 = CARTESIAN_POINT('',(21.114809741258,19.050159,7.));
#193 = CIRCLE('',#194,6.587323741258);
#194 = AXIS2_PLACEMENT_3D('',#195,#196,#197);
#195 = CARTESIAN_POINT('',(14.527486,19.050159,7.));
#196 = DIRECTION('',(0.,0.,1.));
#197 = DIRECTION('',(1.,0.,-0.));
#198 = FACE_BOUND('',#199,.T.);
#199 = EDGE_LOOP('',(#200));
#200 = ORIENTED_EDGE('',*,*,#201,.F.);
#201 = EDGE_CURVE('',#202,#202,#204,.T.);
#202 = VERTEX_POINT('',#203);
#203 = CARTESIAN_POINT('',(86.161536271784,18.828249,7.));
#204 = CIRCLE('',#205,6.629180271784);
#205 = AXIS2_PLACEMENT_3D('',#206,#207,#208);
#206 = CARTESIAN_POINT('',(79.532356,18.828249,7.));
#207 = DIRECTION('',(0.,0.,1.));
#208 = DIRECTION('',(1.,0.,-0.));
#209 = FACE_BOUND('',#210,.T.);
#210 = EDGE_LOOP('',(#211));
#211 = ORIENTED_EDGE('',*,*,#212,.F.);
#212 = EDGE_CURVE('',#213,#213,#215,.T.);
#213 = VERTEX_POINT('',#214);
#214 = CARTESIAN_POINT('',(99.265413350048,22.328535,7.));
#215 = CIRCLE('',#216,6.346246350048);
#216 = AXIS2_PLACEMENT_3D('',#217,#218,#219);
#217 = CARTESIAN_POINT('',(92.919167,22.328535,7.));
#218 = DIRECTION('',(0.,-0.,1.));
#219 = DIRECTION('',(1.,1.51E-15,0.));
#220 = PLANE('',#221);
#221 = AXIS2_PLACEMENT_3D('',#222,#223,#224);
#222 = CARTESIAN_POINT('',(180.28641817381,-21.032368,7.));
#223 = DIRECTION('',(0.,0.,1.));
#224 = DIRECTION('',(1.,0.,0.));
#225 = ADVANCED_FACE('',(#226),#245,.T.);
#226 = FACE_BOUND('',#227,.T.);
#227 = EDGE_LOOP('',(#228,#236,#237,#238));
#228 = ORIENTED_EDGE('',*,*,#229,.F.);
#229 = EDGE_CURVE('',#22,#230,#232,.T.);
#230 = VERTEX_POINT('',#231);
#231 = CARTESIAN_POINT('',(96.406479,-55.625591,11.));
#232 = LINE('',#233,#234);
#233 = CARTESIAN_POINT('',(96.406479,-55.625591,11.));
#234 = VECTOR('',#235,1.);
#235 = DIRECTION('',(-0.707106781187,0.,0.707106781187));
#236 = ORIENTED_EDGE('',*,*,#21,.T.);
#237 = ORIENTED_EDGE('',*,*,#229,.T.);
#238 = ORIENTED_EDGE('',*,*,#239,.F.);
#239 = EDGE_CURVE('',#230,#230,#240,.T.);
#240 = CIRCLE('',#241,2.534348);
#241 = AXIS2_PLACEMENT_3D('',#242,#243,#244);
#242 = CARTESIAN_POINT('',(93.872131,-55.625591,11.));
#243 = DIRECTION('',(0.,0.,1.));
#244 = DIRECTION('',(1.,0.,-0.));
#245 = CONICAL_SURFACE('',#246,2.534348,0.785398163397);
#246 = AXIS2_PLACEMENT_3D('',#247,#248,#249);
#247 = CARTESIAN_POINT('',(93.872131,-55.625591,11.));
#248 = DIRECTION('',(-0.,-0.,-1.));
#249 = DIRECTION('',(1.,0.,-0.));
#250 = ADVANCED_FACE('',(#251),#270,.T.);
#251 = FACE_BOUND('',#252,.T.);
#252 = EDGE_LOOP('',(#253,#261,#262,#263));
#253 = ORIENTED_EDGE('',*,*,#254,.F.);
#254 = EDGE_CURVE('',#33,#255,#257,.T.);
#255 = VERTEX_POINT('',#256);
#256 = CARTESIAN_POINT('',(286.808029,15.259911,11.));
#257 = LINE('',#258,#259);
#258 = CARTESIAN_POINT('',(286.808029,15.259911,11.));
#259 = VECTOR('',#260,1.);
#260 = DIRECTION('',(-0.707106781187,4.8E-16,0.707106781187));
#261 = ORIENTED_EDGE('',*,*,#32,.T.);
#262 = ORIENTED_EDGE('',*,*,#254,.T.);
#263 = ORIENTED_EDGE('',*,*,#264,.F.);
#264 = EDGE_CURVE('',#255,#255,#265,.T.);
#265 = CIRCLE('',#266,2.610306);
#266 = AXIS2_PLACEMENT_3D('',#267,#268,#269);
#267 = CARTESIAN_POINT('',(284.197723,15.259911,11.));
#268 = DIRECTION('',(-0.,0.,1.));
#269 = DIRECTION('',(1.,-6.8E-16,0.));
#270 = CONICAL_SURFACE('',#271,2.610306,0.785398163397);
#271 = AXIS2_PLACEMENT_3D('',#272,#273,#274);
#272 = CARTESIAN_POINT('',(284.197723,15.259911,11.));
#273 = DIRECTION('',(-0.,-0.,-1.));
#274 = DIRECTION('',(1.,-6.8E-16,0.));
#275 = ADVANCED_FACE('',(#276),#295,.T.);
#276 = FACE_BOUND('',#277,.T.);
#277 = EDGE_LOOP('',(#278,#286,#287,#288));
#278 = ORIENTED_EDGE('',*,*,#279,.F.);
#279 = EDGE_CURVE('',#44,#280,#282,.T.);
#280 = VERTEX_POINT('',#281);
#281 = CARTESIAN_POINT('',(349.846063,14.919182,11.));
#282 = LINE('',#283,#284);
#283 = CARTESIAN_POINT('',(349.846063,14.919182,11.));
#284 = VECTOR('',#285,1.);
#285 = DIRECTION('',(-0.707106781187,0.,0.707106781187));
#286 = ORIENTED_EDGE('',*,*,#43,.T.);
#287 = ORIENTED_EDGE('',*,*,#279,.T.);
#288 = ORIENTED_EDGE('',*,*,#289,.F.);
#289 = EDGE_CURVE('',#280,#280,#290,.T.);
#290 = CIRCLE('',#291,2.557672);
#291 = AXIS2_PLACEMENT_3D('',#292,#293,#294);
#292 = CARTESIAN_POINT('',(347.288391,14.919182,11.));
#293 = DIRECTION('',(0.,0.,1.));
#294 = DIRECTION('',(1.,0.,0.));
#295 = CONICAL_SURFACE('',#296,2.557672,0.785398163397);
#296 = AXIS2_PLACEMENT_3D('',#297,#298,#299);
#297 = CARTESIAN_POINT('',(347.288391,14.919182,11.));
#298 = DIRECTION('',(-0.,-0.,-1.));
#299 = DIRECTION('',(1.,0.,0.));
#300 = ADVANCED_FACE('',(#301),#320,.T.);
#301 = FACE_BOUND('',#302,.T.);
#302 = EDGE_LOOP('',(#303,#311,#312,#313));
#303 = ORIENTED_EDGE('',*,*,#304,.F.);
#304 = EDGE_CURVE('',#55,#305,#307,.T.);
#305 = VERTEX_POINT('',#306);
#306 = CARTESIAN_POINT('',(350.38705508171,-50.107323,11.));
#307 = LINE('',#308,#309);
#308 = CARTESIAN_POINT('',(350.38705508171,-50.107323,11.));
#309 = VECTOR('',#310,1.);
#310 = DIRECTION('',(-0.707106781187,0.,0.707106781187));
#311 = ORIENTED_EDGE('',*,*,#54,.T.);
#312 = ORIENTED_EDGE('',*,*,#304,.T.);
#313 = ORIENTED_EDGE('',*,*,#314,.F.);
#314 = EDGE_CURVE('',#305,#305,#315,.T.);
#315 = CIRCLE('',#316,2.554230081718);
#316 = AXIS2_PLACEMENT_3D('',#317,#318,#319);
#317 = CARTESIAN_POINT('',(347.832825,-50.107323,11.));
#318 = DIRECTION('',(0.,0.,1.));
#319 = DIRECTION('',(1.,0.,0.));
#320 = CONICAL_SURFACE('',#321,2.554230081718,0.785398163397);
#321 = AXIS2_PLACEMENT_3D('',#322,#323,#324);
#322 = CARTESIAN_POINT('',(347.832825,-50.107323,11.));
#323 = DIRECTION('',(-0.,-0.,-1.));
#324 = DIRECTION('',(1.,0.,0.));
#325 = ADVANCED_FACE('',(#326),#345,.T.);
#326 = FACE_BOUND('',#327,.T.);
#327 = EDGE_LOOP('',(#328,#336,#337,#338));
#328 = ORIENTED_EDGE('',*,*,#329,.F.);
#329 = EDGE_CURVE('',#66,#330,#332,.T.);
#330 = VERTEX_POINT('',#331);
#331 = CARTESIAN_POINT('',(286.42954983442,-50.27615,11.));
#332 = LINE('',#333,#334);
#333 = CARTESIAN_POINT('',(286.42954983442,-50.27615,11.));
#334 = VECTOR('',#335,1.);
#335 = DIRECTION('',(-0.707106781187,0.,0.707106781187));
#336 = ORIENTED_EDGE('',*,*,#65,.T.);
#337 = ORIENTED_EDGE('',*,*,#329,.T.);
#338 = ORIENTED_EDGE('',*,*,#339,.F.);
#339 = EDGE_CURVE('',#330,#330,#340,.T.);
#340 = CIRCLE('',#341,2.698836834429);
#341 = AXIS2_PLACEMENT_3D('',#342,#343,#344);
#342 = CARTESIAN_POINT('',(283.730713,-50.27615,11.));
#343 = DIRECTION('',(0.,0.,1.));
#344 = DIRECTION('',(1.,0.,0.));
#345 = CONICAL_SURFACE('',#346,2.698836834429,0.785398163397);
#346 = AXIS2_PLACEMENT_3D('',#347,#348,#349);
#347 = CARTESIAN_POINT('',(283.730713,-50.27615,11.));
#348 = DIRECTION('',(-0.,-0.,-1.));
#349 = DIRECTION('',(1.,0.,0.));
#350 = ADVANCED_FACE('',(#351),#370,.T.);
#351 = FACE_BOUND('',#352,.T.);
#352 = EDGE_LOOP('',(#353,#361,#362,#363));
#353 = ORIENTED_EDGE('',*,*,#354,.F.);
#354 = EDGE_CURVE('',#77,#355,#357,.T.);
#355 = VERTEX_POINT('',#356);
#356 = CARTESIAN_POINT('',(273.18102269159,-56.18869,11.));
#357 = LINE('',#358,#359);
#358 = CARTESIAN_POINT('',(273.18102269159,-56.18869,11.));
#359 = VECTOR('',#360,1.);
#360 = DIRECTION('',(-0.707106781187,0.,0.707106781187));
#361 = ORIENTED_EDGE('',*,*,#76,.T.);
#362 = ORIENTED_EDGE('',*,*,#354,.T.);
#363 = ORIENTED_EDGE('',*,*,#364,.F.);
#364 = EDGE_CURVE('',#355,#355,#365,.T.);
#365 = CIRCLE('',#366,2.659324691591);
#366 = AXIS2_PLACEMENT_3D('',#367,#368,#369);
#367 = CARTESIAN_POINT('',(270.521698,-56.18869,11.));
#368 = DIRECTION('',(0.,0.,1.));
#369 = DIRECTION('',(1.,0.,0.));
#370 = CONICAL_SURFACE('',#371,2.659324691591,0.785398163397);
#371 = AXIS2_PLACEMENT_3D('',#372,#373,#374);
#372 = CARTESIAN_POINT('',(270.521698,-56.18869,11.));
#373 = DIRECTION('',(-0.,-0.,-1.));
#374 = DIRECTION('',(1.,0.,0.));
#375 = ADVANCED_FACE('',(#376),#401,.F.);
#376 = FACE_BOUND('',#377,.F.);
#377 = EDGE_LOOP('',(#378,#386,#387,#395));
#378 = ORIENTED_EDGE('',*,*,#379,.T.);
#379 = EDGE_CURVE('',#380,#88,#382,.T.);
#380 = VERTEX_POINT('',#381);
#381 = CARTESIAN_POINT('',(357.615067,-64.032368,15.));
#382 = LINE('',#383,#384);
#383 = CARTESIAN_POINT('',(357.615067,-64.032368,15.));
#384 = VECTOR('',#385,1.);
#385 = DIRECTION('',(-0.,-0.,-1.));
#386 = ORIENTED_EDGE('',*,*,#87,.T.);
#387 = ORIENTED_EDGE('',*,*,#388,.F.);
#388 = EDGE_CURVE('',#389,#90,#391,.T.);
#389 = VERTEX_POINT('',#390);
#390 = CARTESIAN_POINT('',(357.615067,21.967632,15.));
#391 = LINE('',#392,#393);
#392 = CARTESIAN_POINT('',(357.615067,21.967632,15.));
#393 = VECTOR('',#394,1.);
#394 = DIRECTION('',(-0.,-0.,-1.));
#395 = ORIENTED_EDGE('',*,*,#396,.F.);
#396 = EDGE_CURVE('',#380,#389,#397,.T.);
#397 = LINE('',#398,#399);
#398 = CARTESIAN_POINT('',(357.615067,-64.032368,15.));
#399 = VECTOR('',#400,1.);
#400 = DIRECTION('',(0.,1.,0.));
#401 = PLANE('',#402);
#402 = AXIS2_PLACEMENT_3D('',#403,#404,#405);
#403 = CARTESIAN_POINT('',(357.615067,-64.032368,15.));
#404 = DIRECTION('',(1.,0.,0.));
#405 = DIRECTION('',(0.,1.,0.));
#406 = ADVANCED_FACE('',(#407),#426,.F.);
#407 = FACE_BOUND('',#408,.F.);
#408 = EDGE_LOOP('',(#409,#417,#418,#419));
#409 = ORIENTED_EDGE('',*,*,#410,.T.);
#410 = EDGE_CURVE('',#411,#141,#413,.T.);
#411 = VERTEX_POINT('',#412);
#412 = CARTESIAN_POINT('',(348.28641817381,-73.36101682618,15.));
#413 = LINE('',#414,#415);
#414 = CARTESIAN_POINT('',(348.28641817381,-73.36101682618,15.));
#415 = VECTOR('',#416,1.);
#416 = DIRECTION('',(-0.,-0.,-1.));
#417 = ORIENTED_EDGE('',*,*,#148,.T.);
#418 = ORIENTED_EDGE('',*,*,#379,.F.);
#419 = ORIENTED_EDGE('',*,*,#420,.F.);
#420 = EDGE_CURVE('',#411,#380,#421,.T.);
#421 = CIRCLE('',#422,9.328648826186);
#422 = AXIS2_PLACEMENT_3D('',#423,#424,#425);
#423 = CARTESIAN_POINT('',(348.28641817381,-64.032368,15.));
#424 = DIRECTION('',(0.,0.,1.));
#425 = DIRECTION('',(1.,0.,0.));
#426 = CYLINDRICAL_SURFACE('',#427,9.328648826186);
#427 = AXIS2_PLACEMENT_3D('',#428,#429,#430);
#428 = CARTESIAN_POINT('',(348.28641817381,-64.032368,15.));
#429 = DIRECTION('',(0.,0.,1.));
#430 = DIRECTION('',(1.,0.,0.));
#431 = ADVANCED_FACE('',(#432),#451,.F.);
#432 = FACE_BOUND('',#433,.F.);
#433 = EDGE_LOOP('',(#434,#435,#436,#444));
#434 = ORIENTED_EDGE('',*,*,#388,.T.);
#435 = ORIENTED_EDGE('',*,*,#97,.T.);
#436 = ORIENTED_EDGE('',*,*,#437,.F.);
#437 = EDGE_CURVE('',#438,#98,#440,.T.);
#438 = VERTEX_POINT('',#439);
#439 = CARTESIAN_POINT('',(348.28641817381,31.296280826186,15.));
#440 = LINE('',#441,#442);
#441 = CARTESIAN_POINT('',(348.28641817381,31.296280826186,15.));
#442 = VECTOR('',#443,1.);
#443 = DIRECTION('',(-0.,-0.,-1.));
#444 = ORIENTED_EDGE('',*,*,#445,.F.);
#445 = EDGE_CURVE('',#389,#438,#446,.T.);
#446 = CIRCLE('',#447,9.328648826186);
#447 = AXIS2_PLACEMENT_3D('',#448,#449,#450);
#448 = CARTESIAN_POINT('',(348.28641817381,21.967632,15.));
#449 = DIRECTION('',(0.,0.,1.));
#450 = DIRECTION('',(1.,0.,0.));
#451 = CYLINDRICAL_SURFACE('',#452,9.328648826186);
#452 = AXIS2_PLACEMENT_3D('',#453,#454,#455);
#453 = CARTESIAN_POINT('',(348.28641817381,21.967632,15.));
#454 = DIRECTION('',(0.,0.,1.));
#455 = DIRECTION('',(1.,0.,0.));
#456 = ADVANCED_FACE('',(#457),#475,.F.);
#457 = FACE_BOUND('',#458,.F.);
#458 = EDGE_LOOP('',(#459,#467,#468,#469));
#459 = ORIENTED_EDGE('',*,*,#460,.T.);
#460 = EDGE_CURVE('',#461,#132,#463,.T.);
#461 = VERTEX_POINT('',#462);
#462 = CARTESIAN_POINT('',(12.286418173814,-73.36101682618,15.));
#463 = LINE('',#464,#465);
#464 = CARTESIAN_POINT('',(12.286418173814,-73.36101682618,15.));
#465 = VECTOR('',#466,1.);
#466 = DIRECTION('',(-0.,-0.,-1.));
#467 = ORIENTED_EDGE('',*,*,#140,.T.);
#468 = ORIENTED_EDGE('',*,*,#410,.F.);
#469 = ORIENTED_EDGE('',*,*,#470,.F.);
#470 = EDGE_CURVE('',#461,#411,#471,.T.);
#471 = LINE('',#472,#473);
#472 = CARTESIAN_POINT('',(12.286418173814,-73.36101682618,15.));
#473 = VECTOR('',#474,1.);
#474 = DIRECTION('',(1.,0.,0.));
#475 = PLANE('',#476);
#476 = AXIS2_PLACEMENT_3D('',#477,#478,#479);
#477 = CARTESIAN_POINT('',(12.286418173814,-73.36101682618,15.));
#478 = DIRECTION('',(0.,-1.,0.));
#479 = DIRECTION('',(1.,0.,0.));
#480 = ADVANCED_FACE('',(#481),#499,.F.);
#481 = FACE_BOUND('',#482,.F.);
#482 = EDGE_LOOP('',(#483,#484,#485,#493));
#483 = ORIENTED_EDGE('',*,*,#437,.T.);
#484 = ORIENTED_EDGE('',*,*,#106,.T.);
#485 = ORIENTED_EDGE('',*,*,#486,.F.);
#486 = EDGE_CURVE('',#487,#107,#489,.T.);
#487 = VERTEX_POINT('',#488);
#488 = CARTESIAN_POINT('',(12.286418173814,31.296280826186,15.));
#489 = LINE('',#490,#491);
#490 = CARTESIAN_POINT('',(12.286418173814,31.296280826186,15.));
#491 = VECTOR('',#492,1.);
#492 = DIRECTION('',(-0.,-0.,-1.));
#493 = ORIENTED_EDGE('',*,*,#494,.F.);
#494 = EDGE_CURVE('',#438,#487,#495,.T.);
#495 = LINE('',#496,#497);
#496 = CARTESIAN_POINT('',(348.28641817381,31.296280826186,15.));
#497 = VECTOR('',#498,1.);
#498 = DIRECTION('',(-1.,0.,0.));
#499 = PLANE('',#500);
#500 = AXIS2_PLACEMENT_3D('',#501,#502,#503);
#501 = CARTESIAN_POINT('',(348.28641817381,31.296280826186,15.));
#502 = DIRECTION('',(0.,1.,0.));
#503 = DIRECTION('',(-1.,0.,0.));
#504 = ADVANCED_FACE('',(#505),#524,.F.);
#505 = FACE_BOUND('',#506,.F.);
#506 = EDGE_LOOP('',(#507,#515,#516,#517));
#507 = ORIENTED_EDGE('',*,*,#508,.T.);
#508 = EDGE_CURVE('',#509,#124,#511,.T.);
#509 = VERTEX_POINT('',#510);
#510 = CARTESIAN_POINT('',(2.957769347629,-64.032368,15.));
#511 = LINE('',#512,#513);
#512 = CARTESIAN_POINT('',(2.957769347629,-64.032368,15.));
#513 = VECTOR('',#514,1.);
#514 = DIRECTION('',(-0.,-0.,-1.));
#515 = ORIENTED_EDGE('',*,*,#131,.T.);
#516 = ORIENTED_EDGE('',*,*,#460,.F.);
#517 = ORIENTED_EDGE('',*,*,#518,.F.);
#518 = EDGE_CURVE('',#509,#461,#519,.T.);
#519 = CIRCLE('',#520,9.328648826186);
#520 = AXIS2_PLACEMENT_3D('',#521,#522,#523);
#521 = CARTESIAN_POINT('',(12.286418173814,-64.032368,15.));
#522 = DIRECTION('',(0.,0.,1.));
#523 = DIRECTION('',(1.,0.,0.));
#524 = CYLINDRICAL_SURFACE('',#525,9.328648826186);
#525 = AXIS2_PLACEMENT_3D('',#526,#527,#528);
#526 = CARTESIAN_POINT('',(12.286418173814,-64.032368,15.));
#527 = DIRECTION('',(0.,0.,1.));
#528 = DIRECTION('',(1.,0.,0.));
#529 = ADVANCED_FACE('',(#530),#549,.F.);
#530 = FACE_BOUND('',#531,.F.);
#531 = EDGE_LOOP('',(#532,#533,#534,#542));
#532 = ORIENTED_EDGE('',*,*,#486,.T.);
#533 = ORIENTED_EDGE('',*,*,#114,.T.);
#534 = ORIENTED_EDGE('',*,*,#535,.F.);
#535 = EDGE_CURVE('',#536,#115,#538,.T.);
#536 = VERTEX_POINT('',#537);
#537 = CARTESIAN_POINT('',(2.957769347629,21.967632,15.));
#538 = LINE('',#539,#540);
#539 = CARTESIAN_POINT('',(2.957769347629,21.967632,15.));
#540 = VECTOR('',#541,1.);
#541 = DIRECTION('',(-0.,-0.,-1.));
#542 = ORIENTED_EDGE('',*,*,#543,.F.);
#543 = EDGE_CURVE('',#487,#536,#544,.T.);
#544 = CIRCLE('',#545,9.328648826186);
#545 = AXIS2_PLACEMENT_3D('',#546,#547,#548);
#546 = CARTESIAN_POINT('',(12.286418173814,21.967632,15.));
#547 = DIRECTION('',(0.,0.,1.));
#548 = DIRECTION('',(1.,0.,0.));
#549 = CYLINDRICAL_SURFACE('',#550,9.328648826186);
#550 = AXIS2_PLACEMENT_3D('',#551,#552,#553);
#551 = CARTESIAN_POINT('',(12.286418173814,21.967632,15.));
#552 = DIRECTION('',(0.,0.,1.));
#553 = DIRECTION('',(1.,0.,0.));
#554 = ADVANCED_FACE('',(#555),#566,.F.);
#555 = FACE_BOUND('',#556,.F.);
#556 = EDGE_LOOP('',(#557,#558,#559,#560));
#557 = ORIENTED_EDGE('',*,*,#535,.T.);
#558 = ORIENTED_EDGE('',*,*,#123,.T.);
#559 = ORIENTED_EDGE('',*,*,#508,.F.);
#560 = ORIENTED_EDGE('',*,*,#561,.F.);
#561 = EDGE_CURVE('',#536,#509,#562,.T.);
#562 = LINE('',#563,#564);
#563 = CARTESIAN_POINT('',(2.957769347629,21.967632,15.));
#564 = VECTOR('',#565,1.);
#565 = DIRECTION('',(0.,-1.,0.));
#566 = PLANE('',#567);
#567 = AXIS2_PLACEMENT_3D('',#568,#569,#570);
#568 = CARTESIAN_POINT('',(2.957769347629,21.967632,15.));
#569 = DIRECTION('',(-1.,0.,0.));
#570 = DIRECTION('',(0.,-1.,0.));
#571 = ADVANCED_FACE('',(#572),#591,.T.);
#572 = FACE_BOUND('',#573,.T.);
#573 = EDGE_LOOP('',(#574,#582,#583,#584));
#574 = ORIENTED_EDGE('',*,*,#575,.F.);
#575 = EDGE_CURVE('',#158,#576,#578,.T.);
#576 = VERTEX_POINT('',#577);
#577 = CARTESIAN_POINT('',(272.75394577602,22.072662,11.));
#578 = LINE('',#579,#580);
#579 = CARTESIAN_POINT('',(272.75394577602,22.072662,11.));
#580 = VECTOR('',#581,1.);
#581 = DIRECTION('',(-0.707106781187,0.,0.707106781187));
#582 = ORIENTED_EDGE('',*,*,#157,.T.);
#583 = ORIENTED_EDGE('',*,*,#575,.T.);
#584 = ORIENTED_EDGE('',*,*,#585,.F.);
#585 = EDGE_CURVE('',#576,#576,#586,.T.);
#586 = CIRCLE('',#587,2.446633776025);
#587 = AXIS2_PLACEMENT_3D('',#588,#589,#590);
#588 = CARTESIAN_POINT('',(270.307312,22.072662,11.));
#589 = DIRECTION('',(0.,0.,1.));
#590 = DIRECTION('',(1.,0.,0.));
#591 = CONICAL_SURFACE('',#592,2.446633776025,0.785398163397);
#592 = AXIS2_PLACEMENT_3D('',#593,#594,#595);
#593 = CARTESIAN_POINT('',(270.307312,22.072662,11.));
#594 = DIRECTION('',(-0.,-0.,-1.));
#595 = DIRECTION('',(1.,0.,0.));
#596 = ADVANCED_FACE('',(#597),#616,.T.);
#597 = FACE_BOUND('',#598,.T.);
#598 = EDGE_LOOP('',(#599,#607,#608,#609));
#599 = ORIENTED_EDGE('',*,*,#600,.F.);
#600 = EDGE_CURVE('',#169,#601,#603,.T.);
#601 = VERTEX_POINT('',#602);
#602 = CARTESIAN_POINT('',(81.972150532885,-54.785213,11.));
#603 = LINE('',#604,#605);
#604 = CARTESIAN_POINT('',(81.972150532885,-54.785213,11.));
#605 = VECTOR('',#606,1.);
#606 = DIRECTION('',(-0.707106781187,0.,0.707106781187));
#607 = ORIENTED_EDGE('',*,*,#168,.T.);
#608 = ORIENTED_EDGE('',*,*,#600,.T.);
#609 = ORIENTED_EDGE('',*,*,#610,.F.);
#610 = EDGE_CURVE('',#601,#601,#611,.T.);
#611 = CIRCLE('',#612,2.574918532885);
#612 = AXIS2_PLACEMENT_3D('',#613,#614,#615);
#613 = CARTESIAN_POINT('',(79.397232,-54.785213,11.));
#614 = DIRECTION('',(0.,0.,1.));
#615 = DIRECTION('',(1.,0.,-0.));
#616 = CONICAL_SURFACE('',#617,2.574918532885,0.785398163397);
#617 = AXIS2_PLACEMENT_3D('',#618,#619,#620);
#618 = CARTESIAN_POINT('',(79.397232,-54.785213,11.));
#619 = DIRECTION('',(-0.,-0.,-1.));
#620 = DIRECTION('',(1.,0.,-0.));
#621 = ADVANCED_FACE('',(#622),#641,.T.);
#622 = FACE_BOUND('',#623,.T.);
#623 = EDGE_LOOP('',(#624,#632,#633,#634));
#624 = ORIENTED_EDGE('',*,*,#625,.F.);
#625 = EDGE_CURVE('',#180,#626,#628,.T.);
#626 = VERTEX_POINT('',#627);
#627 = CARTESIAN_POINT('',(17.397285,-54.111717,11.));
#628 = LINE('',#629,#630);
#629 = CARTESIAN_POINT('',(17.397285,-54.111717,11.));
#630 = VECTOR('',#631,1.);
#631 = DIRECTION('',(-0.707106781187,0.,0.707106781187));
#632 = ORIENTED_EDGE('',*,*,#179,.T.);
#633 = ORIENTED_EDGE('',*,*,#625,.T.);
#634 = ORIENTED_EDGE('',*,*,#635,.F.);
#635 = EDGE_CURVE('',#626,#626,#636,.T.);
#636 = CIRCLE('',#637,2.701205);
#637 = AXIS2_PLACEMENT_3D('',#638,#639,#640);
#638 = CARTESIAN_POINT('',(14.69608,-54.111717,11.));
#639 = DIRECTION('',(0.,0.,1.));
#640 = DIRECTION('',(1.,0.,-0.));
#641 = CONICAL_SURFACE('',#642,2.701205,0.785398163397);
#642 = AXIS2_PLACEMENT_3D('',#643,#644,#645);
#643 = CARTESIAN_POINT('',(14.69608,-54.111717,11.));
#644 = DIRECTION('',(-0.,-0.,-1.));
#645 = DIRECTION('',(1.,0.,-0.));
#646 = ADVANCED_FACE('',(#647),#666,.T.);
#647 = FACE_BOUND('',#648,.T.);
#648 = EDGE_LOOP('',(#649,#657,#658,#659));
#649 = ORIENTED_EDGE('',*,*,#650,.F.);
#650 = EDGE_CURVE('',#191,#651,#653,.T.);
#651 = VERTEX_POINT('',#652);
#652 = CARTESIAN_POINT('',(17.114809741258,19.050159,11.));
#653 = LINE('',#654,#655);
#654 = CARTESIAN_POINT('',(17.114809741258,19.050159,11.));
#655 = VECTOR('',#656,1.);
#656 = DIRECTION('',(-0.707106781187,0.,0.707106781187));
#657 = ORIENTED_EDGE('',*,*,#190,.T.);
#658 = ORIENTED_EDGE('',*,*,#650,.T.);
#659 = ORIENTED_EDGE('',*,*,#660,.F.);
#660 = EDGE_CURVE('',#651,#651,#661,.T.);
#661 = CIRCLE('',#662,2.587323741258);
#662 = AXIS2_PLACEMENT_3D('',#663,#664,#665);
#663 = CARTESIAN_POINT('',(14.527486,19.050159,11.));
#664 = DIRECTION('',(0.,0.,1.));
#665 = DIRECTION('',(1.,0.,-0.));
#666 = CONICAL_SURFACE('',#667,2.587323741258,0.785398163397);
#667 = AXIS2_PLACEMENT_3D('',#668,#669,#670);
#668 = CARTESIAN_POINT('',(14.527486,19.050159,11.));
#669 = DIRECTION('',(-0.,-0.,-1.));
#670 = DIRECTION('',(1.,0.,-0.));
#671 = ADVANCED_FACE('',(#672),#691,.T.);
#672 = FACE_BOUND('',#673,.T.);
#673 = EDGE_LOOP('',(#674,#682,#683,#684));
#674 = ORIENTED_EDGE('',*,*,#675,.F.);
#675 = EDGE_CURVE('',#202,#676,#678,.T.);
#676 = VERTEX_POINT('',#677);
#677 = CARTESIAN_POINT('',(82.161536271784,18.828249,11.));
#678 = LINE('',#679,#680);
#679 = CARTESIAN_POINT('',(82.161536271784,18.828249,11.));
#680 = VECTOR('',#681,1.);
#681 = DIRECTION('',(-0.707106781187,0.,0.707106781187));
#682 = ORIENTED_EDGE('',*,*,#201,.T.);
#683 = ORIENTED_EDGE('',*,*,#675,.T.);
#684 = ORIENTED_EDGE('',*,*,#685,.F.);
#685 = EDGE_CURVE('',#676,#676,#686,.T.);
#686 = CIRCLE('',#687,2.629180271784);
#687 = AXIS2_PLACEMENT_3D('',#688,#689,#690);
#688 = CARTESIAN_POINT('',(79.532356,18.828249,11.));
#689 = DIRECTION('',(0.,0.,1.));
#690 = DIRECTION('',(1.,0.,-0.));
#691 = CONICAL_SURFACE('',#692,2.629180271784,0.785398163397);
#692 = AXIS2_PLACEMENT_3D('',#693,#694,#695);
#693 = CARTESIAN_POINT('',(79.532356,18.828249,11.));
#694 = DIRECTION('',(-0.,-0.,-1.));
#695 = DIRECTION('',(1.,0.,-0.));
#696 = ADVANCED_FACE('',(#697),#716,.T.);
#697 = FACE_BOUND('',#698,.T.);
#698 = EDGE_LOOP('',(#699,#707,#708,#709));
#699 = ORIENTED_EDGE('',*,*,#700,.F.);
#700 = EDGE_CURVE('',#213,#701,#703,.T.);
#701 = VERTEX_POINT('',#702);
#702 = CARTESIAN_POINT('',(95.265413350048,22.328535,11.));
#703 = LINE('',#704,#705);
#704 = CARTESIAN_POINT('',(95.265413350048,22.328535,11.));
#705 = VECTOR('',#706,1.);
#706 = DIRECTION('',(-0.707106781187,-1.07E-15,0.707106781187));
#707 = ORIENTED_EDGE('',*,*,#212,.T.);
#708 = ORIENTED_EDGE('',*,*,#700,.T.);
#709 = ORIENTED_EDGE('',*,*,#710,.F.);
#710 = EDGE_CURVE('',#701,#701,#711,.T.);
#711 = CIRCLE('',#712,2.346246350048);
#712 = AXIS2_PLACEMENT_3D('',#713,#714,#715);
#713 = CARTESIAN_POINT('',(92.919167,22.328535,11.));
#714 = DIRECTION('',(0.,-0.,1.));
#715 = DIRECTION('',(1.,1.51E-15,0.));
#716 = CONICAL_SURFACE('',#717,2.346246350048,0.785398163397);
#717 = AXIS2_PLACEMENT_3D('',#718,#719,#720);
#718 = CARTESIAN_POINT('',(92.919167,22.328535,11.));
#719 = DIRECTION('',(-0.,-0.,-1.));
#720 = DIRECTION('',(1.,1.51E-15,-0.));
#721 = ADVANCED_FACE('',(#722),#741,.T.);
#722 = FACE_BOUND('',#723,.F.);
#723 = EDGE_LOOP('',(#724,#732,#739,#740));
#724 = ORIENTED_EDGE('',*,*,#725,.T.);
#725 = EDGE_CURVE('',#230,#726,#728,.T.);
#726 = VERTEX_POINT('',#727);
#727 = CARTESIAN_POINT('',(96.406479,-55.625591,17.));
#728 = LINE('',#729,#730);
#729 = CARTESIAN_POINT('',(96.406479,-55.625591,7.));
#730 = VECTOR('',#731,1.);
#731 = DIRECTION('',(0.,0.,1.));
#732 = ORIENTED_EDGE('',*,*,#733,.T.);
#733 = EDGE_CURVE('',#726,#726,#734,.T.);
#734 = CIRCLE('',#735,2.534348);
#735 = AXIS2_PLACEMENT_3D('',#736,#737,#738);
#736 = CARTESIAN_POINT('',(93.872131,-55.625591,17.));
#737 = DIRECTION('',(0.,0.,1.));
#738 = DIRECTION('',(1.,0.,0.));
#739 = ORIENTED_EDGE('',*,*,#725,.F.);
#740 = ORIENTED_EDGE('',*,*,#239,.F.);
#741 = CYLINDRICAL_SURFACE('',#742,2.534348);
#742 = AXIS2_PLACEMENT_3D('',#743,#744,#745);
#743 = CARTESIAN_POINT('',(93.872131,-55.625591,7.));
#744 = DIRECTION('',(-0.,-0.,-1.));
#745 = DIRECTION('',(1.,0.,0.));
#746 = ADVANCED_FACE('',(#747),#766,.T.);
#747 = FACE_BOUND('',#748,.F.);
#748 = EDGE_LOOP('',(#749,#757,#764,#765));
#749 = ORIENTED_EDGE('',*,*,#750,.T.);
#750 = EDGE_CURVE('',#255,#751,#753,.T.);
#751 = VERTEX_POINT('',#752);
#752 = CARTESIAN_POINT('',(286.808029,15.259911,17.));
#753 = LINE('',#754,#755);
#754 = CARTESIAN_POINT('',(286.808029,15.259911,7.));
#755 = VECTOR('',#756,1.);
#756 = DIRECTION('',(0.,0.,1.));
#757 = ORIENTED_EDGE('',*,*,#758,.T.);
#758 = EDGE_CURVE('',#751,#751,#759,.T.);
#759 = CIRCLE('',#760,2.610306);
#760 = AXIS2_PLACEMENT_3D('',#761,#762,#763);
#761 = CARTESIAN_POINT('',(284.197723,15.259911,17.));
#762 = DIRECTION('',(0.,0.,1.));
#763 = DIRECTION('',(1.,0.,0.));
#764 = ORIENTED_EDGE('',*,*,#750,.F.);
#765 = ORIENTED_EDGE('',*,*,#264,.F.);
#766 = CYLINDRICAL_SURFACE('',#767,2.610306);
#767 = AXIS2_PLACEMENT_3D('',#768,#769,#770);
#768 = CARTESIAN_POINT('',(284.197723,15.259911,7.));
#769 = DIRECTION('',(-0.,-0.,-1.));
#770 = DIRECTION('',(1.,0.,0.));
#771 = ADVANCED_FACE('',(#772),#791,.T.);
#772 = FACE_BOUND('',#773,.F.);
#773 = EDGE_LOOP('',(#774,#782,#789,#790));
#774 = ORIENTED_EDGE('',*,*,#775,.T.);
#775 = EDGE_CURVE('',#280,#776,#778,.T.);
#776 = VERTEX_POINT('',#777);
#777 = CARTESIAN_POINT('',(349.846063,14.919182,17.));
#778 = LINE('',#779,#780);
#779 = CARTESIAN_POINT('',(349.846063,14.919182,7.));
#780 = VECTOR('',#781,1.);
#781 = DIRECTION('',(0.,0.,1.));
#782 = ORIENTED_EDGE('',*,*,#783,.T.);
#783 = EDGE_CURVE('',#776,#776,#784,.T.);
#784 = CIRCLE('',#785,2.557672);
#785 = AXIS2_PLACEMENT_3D('',#786,#787,#788);
#786 = CARTESIAN_POINT('',(347.288391,14.919182,17.));
#787 = DIRECTION('',(0.,0.,1.));
#788 = DIRECTION('',(1.,0.,0.));
#789 = ORIENTED_EDGE('',*,*,#775,.F.);
#790 = ORIENTED_EDGE('',*,*,#289,.F.);
#791 = CYLINDRICAL_SURFACE('',#792,2.557672);
#792 = AXIS2_PLACEMENT_3D('',#793,#794,#795);
#793 = CARTESIAN_POINT('',(347.288391,14.919182,7.));
#794 = DIRECTION('',(-0.,-0.,-1.));
#795 = DIRECTION('',(1.,0.,0.));
#796 = ADVANCED_FACE('',(#797),#816,.T.);
#797 = FACE_BOUND('',#798,.F.);
#798 = EDGE_LOOP('',(#799,#807,#814,#815));
#799 = ORIENTED_EDGE('',*,*,#800,.T.);
#800 = EDGE_CURVE('',#305,#801,#803,.T.);
#801 = VERTEX_POINT('',#802);
#802 = CARTESIAN_POINT('',(350.38705508171,-50.107323,17.));
#803 = LINE('',#804,#805);
#804 = CARTESIAN_POINT('',(350.38705508171,-50.107323,7.));
#805 = VECTOR('',#806,1.);
#806 = DIRECTION('',(0.,0.,1.));
#807 = ORIENTED_EDGE('',*,*,#808,.T.);
#808 = EDGE_CURVE('',#801,#801,#809,.T.);
#809 = CIRCLE('',#810,2.554230081718);
#810 = AXIS2_PLACEMENT_3D('',#811,#812,#813);
#811 = CARTESIAN_POINT('',(347.832825,-50.107323,17.));
#812 = DIRECTION('',(0.,0.,1.));
#813 = DIRECTION('',(1.,0.,0.));
#814 = ORIENTED_EDGE('',*,*,#800,.F.);
#815 = ORIENTED_EDGE('',*,*,#314,.F.);
#816 = CYLINDRICAL_SURFACE('',#817,2.554230081718);
#817 = AXIS2_PLACEMENT_3D('',#818,#819,#820);
#818 = CARTESIAN_POINT('',(347.832825,-50.107323,7.));
#819 = DIRECTION('',(-0.,-0.,-1.));
#820 = DIRECTION('',(1.,0.,0.));
#821 = ADVANCED_FACE('',(#822),#841,.T.);
#822 = FACE_BOUND('',#823,.F.);
#823 = EDGE_LOOP('',(#824,#832,#839,#840));
#824 = ORIENTED_EDGE('',*,*,#825,.T.);
#825 = EDGE_CURVE('',#330,#826,#828,.T.);
#826 = VERTEX_POINT('',#827);
#827 = CARTESIAN_POINT('',(286.42954983442,-50.27615,17.));
#828 = LINE('',#829,#830);
#829 = CARTESIAN_POINT('',(286.42954983442,-50.27615,7.));
#830 = VECTOR('',#831,1.);
#831 = DIRECTION('',(0.,0.,1.));
#832 = ORIENTED_EDGE('',*,*,#833,.T.);
#833 = EDGE_CURVE('',#826,#826,#834,.T.);
#834 = CIRCLE('',#835,2.698836834429);
#835 = AXIS2_PLACEMENT_3D('',#836,#837,#838);
#836 = CARTESIAN_POINT('',(283.730713,-50.27615,17.));
#837 = DIRECTION('',(0.,0.,1.));
#838 = DIRECTION('',(1.,0.,0.));
#839 = ORIENTED_EDGE('',*,*,#825,.F.);
#840 = ORIENTED_EDGE('',*,*,#339,.F.);
#841 = CYLINDRICAL_SURFACE('',#842,2.698836834429);
#842 = AXIS2_PLACEMENT_3D('',#843,#844,#845);
#843 = CARTESIAN_POINT('',(283.730713,-50.27615,7.));
#844 = DIRECTION('',(-0.,-0.,-1.));
#845 = DIRECTION('',(1.,0.,0.));
#846 = ADVANCED_FACE('',(#847),#866,.T.);
#847 = FACE_BOUND('',#848,.F.);
#848 = EDGE_LOOP('',(#849,#857,#864,#865));
#849 = ORIENTED_EDGE('',*,*,#850,.T.);
#850 = EDGE_CURVE('',#355,#851,#853,.T.);
#851 = VERTEX_POINT('',#852);
#852 = CARTESIAN_POINT('',(273.18102269159,-56.18869,17.));
#853 = LINE('',#854,#855);
#854 = CARTESIAN_POINT('',(273.18102269159,-56.18869,7.));
#855 = VECTOR('',#856,1.);
#856 = DIRECTION('',(0.,0.,1.));
#857 = ORIENTED_EDGE('',*,*,#858,.T.);
#858 = EDGE_CURVE('',#851,#851,#859,.T.);
#859 = CIRCLE('',#860,2.659324691591);
#860 = AXIS2_PLACEMENT_3D('',#861,#862,#863);
#861 = CARTESIAN_POINT('',(270.521698,-56.18869,17.));
#862 = DIRECTION('',(0.,0.,1.));
#863 = DIRECTION('',(1.,0.,0.));
#864 = ORIENTED_EDGE('',*,*,#850,.F.);
#865 = ORIENTED_EDGE('',*,*,#364,.F.);
#866 = CYLINDRICAL_SURFACE('',#867,2.659324691591);
#867 = AXIS2_PLACEMENT_3D('',#868,#869,#870);
#868 = CARTESIAN_POINT('',(270.521698,-56.18869,7.));
#869 = DIRECTION('',(-0.,-0.,-1.));
#870 = DIRECTION('',(1.,0.,0.));
#871 = ADVANCED_FACE('',(#872,#942),#952,.T.);
#872 = FACE_BOUND('',#873,.T.);
#873 = EDGE_LOOP('',(#874,#884,#893,#901,#910,#918,#927,#935));
#874 = ORIENTED_EDGE('',*,*,#875,.T.);
#875 = EDGE_CURVE('',#876,#878,#880,.T.);
#876 = VERTEX_POINT('',#877);
#877 = CARTESIAN_POINT('',(362.480628365,-65.615528365,15.));
#878 = VERTEX_POINT('',#879);
#879 = CARTESIAN_POINT('',(362.480628365,24.384471634994,15.));
#880 = LINE('',#881,#882);
#881 = CARTESIAN_POINT('',(362.480628365,-65.615528365,15.));
#882 = VECTOR('',#883,1.);
#883 = DIRECTION('',(0.,1.,0.));
#884 = ORIENTED_EDGE('',*,*,#885,.T.);
#885 = EDGE_CURVE('',#878,#886,#888,.T.);
#886 = VERTEX_POINT('',#887);
#887 = CARTESIAN_POINT('',(349.813,37.0521,15.));
#888 = CIRCLE('',#889,12.667628365006);
#889 = AXIS2_PLACEMENT_3D('',#890,#891,#892);
#890 = CARTESIAN_POINT('',(349.813,24.384471634994,15.));
#891 = DIRECTION('',(0.,0.,1.));
#892 = DIRECTION('',(1.,0.,0.));
#893 = ORIENTED_EDGE('',*,*,#894,.T.);
#894 = EDGE_CURVE('',#886,#895,#897,.T.);
#895 = VERTEX_POINT('',#896);
#896 = CARTESIAN_POINT('',(9.813,37.0521,15.));
#897 = LINE('',#898,#899);
#898 = CARTESIAN_POINT('',(349.813,37.0521,15.));
#899 = VECTOR('',#900,1.);
#900 = DIRECTION('',(-1.,0.,0.));
#901 = ORIENTED_EDGE('',*,*,#902,.T.);
#902 = EDGE_CURVE('',#895,#903,#905,.T.);
#903 = VERTEX_POINT('',#904);
#904 = CARTESIAN_POINT('',(-2.854628365006,24.384471634994,15.));
#905 = CIRCLE('',#906,12.667628365006);
#906 = AXIS2_PLACEMENT_3D('',#907,#908,#909);
#907 = CARTESIAN_POINT('',(9.813,24.384471634994,15.));
#908 = DIRECTION('',(0.,0.,1.));
#909 = DIRECTION('',(1.,0.,0.));
#910 = ORIENTED_EDGE('',*,*,#911,.T.);
#911 = EDGE_CURVE('',#903,#912,#914,.T.);
#912 = VERTEX_POINT('',#913);
#913 = CARTESIAN_POINT('',(-2.854628365006,-65.615528365,15.));
#914 = LINE('',#915,#916);
#915 = CARTESIAN_POINT('',(-2.854628365006,24.384471634994,15.));
#916 = VECTOR('',#917,1.);
#917 = DIRECTION('',(0.,-1.,0.));
#918 = ORIENTED_EDGE('',*,*,#919,.T.);
#919 = EDGE_CURVE('',#912,#920,#922,.T.);
#920 = VERTEX_POINT('',#921);
#921 = CARTESIAN_POINT('',(9.813,-78.28315673001,15.));
#922 = CIRCLE('',#923,12.667628365006);
#923 = AXIS2_PLACEMENT_3D('',#924,#925,#926);
#924 = CARTESIAN_POINT('',(9.813,-65.615528365,15.));
#925 = DIRECTION('',(0.,0.,1.));
#926 = DIRECTION('',(1.,0.,0.));
#927 = ORIENTED_EDGE('',*,*,#928,.T.);
#928 = EDGE_CURVE('',#920,#929,#931,.T.);
#929 = VERTEX_POINT('',#930);
#930 = CARTESIAN_POINT('',(349.813,-78.28315673001,15.));
#931 = LINE('',#932,#933);
#932 = CARTESIAN_POINT('',(9.813,-78.28315673001,15.));
#933 = VECTOR('',#934,1.);
#934 = DIRECTION('',(1.,0.,0.));
#935 = ORIENTED_EDGE('',*,*,#936,.T.);
#936 = EDGE_CURVE('',#929,#876,#937,.T.);
#937 = CIRCLE('',#938,12.667628365006);
#938 = AXIS2_PLACEMENT_3D('',#939,#940,#941);
#939 = CARTESIAN_POINT('',(349.813,-65.615528365,15.));
#940 = DIRECTION('',(0.,0.,1.));
#941 = DIRECTION('',(1.,0.,0.));
#942 = FACE_BOUND('',#943,.T.);
#943 = EDGE_LOOP('',(#944,#945,#946,#947,#948,#949,#950,#951));
#944 = ORIENTED_EDGE('',*,*,#396,.F.);
#945 = ORIENTED_EDGE('',*,*,#420,.F.);
#946 = ORIENTED_EDGE('',*,*,#470,.F.);
#947 = ORIENTED_EDGE('',*,*,#518,.F.);
#948 = ORIENTED_EDGE('',*,*,#561,.F.);
#949 = ORIENTED_EDGE('',*,*,#543,.F.);
#950 = ORIENTED_EDGE('',*,*,#494,.F.);
#951 = ORIENTED_EDGE('',*,*,#445,.F.);
#952 = PLANE('',#953);
#953 = AXIS2_PLACEMENT_3D('',#954,#955,#956);
#954 = CARTESIAN_POINT('',(179.813,-20.615528365,15.));
#955 = DIRECTION('',(0.,0.,1.));
#956 = DIRECTION('',(1.,0.,0.));
#957 = ADVANCED_FACE('',(#958),#977,.T.);
#958 = FACE_BOUND('',#959,.F.);
#959 = EDGE_LOOP('',(#960,#968,#975,#976));
#960 = ORIENTED_EDGE('',*,*,#961,.T.);
#961 = EDGE_CURVE('',#576,#962,#964,.T.);
#962 = VERTEX_POINT('',#963);
#963 = CARTESIAN_POINT('',(272.75394577602,22.072662,17.));
#964 = LINE('',#965,#966);
#965 = CARTESIAN_POINT('',(272.75394577602,22.072662,7.));
#966 = VECTOR('',#967,1.);
#967 = DIRECTION('',(0.,0.,1.));
#968 = ORIENTED_EDGE('',*,*,#969,.T.);
#969 = EDGE_CURVE('',#962,#962,#970,.T.);
#970 = CIRCLE('',#971,2.446633776025);
#971 = AXIS2_PLACEMENT_3D('',#972,#973,#974);
#972 = CARTESIAN_POINT('',(270.307312,22.072662,17.));
#973 = DIRECTION('',(0.,0.,1.));
#974 = DIRECTION('',(1.,0.,0.));
#975 = ORIENTED_EDGE('',*,*,#961,.F.);
#976 = ORIENTED_EDGE('',*,*,#585,.F.);
#977 = CYLINDRICAL_SURFACE('',#978,2.446633776025);
#978 = AXIS2_PLACEMENT_3D('',#979,#980,#981);
#979 = CARTESIAN_POINT('',(270.307312,22.072662,7.));
#980 = DIRECTION('',(-0.,-0.,-1.));
#981 = DIRECTION('',(1.,0.,0.));
#982 = ADVANCED_FACE('',(#983),#1002,.T.);
#983 = FACE_BOUND('',#984,.F.);
#984 = EDGE_LOOP('',(#985,#993,#1000,#1001));
#985 = ORIENTED_EDGE('',*,*,#986,.T.);
#986 = EDGE_CURVE('',#601,#987,#989,.T.);
#987 = VERTEX_POINT('',#988);
#988 = CARTESIAN_POINT('',(81.972150532885,-54.785213,17.));
#989 = LINE('',#990,#991);
#990 = CARTESIAN_POINT('',(81.972150532885,-54.785213,7.));
#991 = VECTOR('',#992,1.);
#992 = DIRECTION('',(0.,0.,1.));
#993 = ORIENTED_EDGE('',*,*,#994,.T.);
#994 = EDGE_CURVE('',#987,#987,#995,.T.);
#995 = CIRCLE('',#996,2.574918532885);
#996 = AXIS2_PLACEMENT_3D('',#997,#998,#999);
#997 = CARTESIAN_POINT('',(79.397232,-54.785213,17.));
#998 = DIRECTION('',(0.,0.,1.));
#999 = DIRECTION('',(1.,0.,0.));
#1000 = ORIENTED_EDGE('',*,*,#986,.F.);
#1001 = ORIENTED_EDGE('',*,*,#610,.F.);
#1002 = CYLINDRICAL_SURFACE('',#1003,2.574918532885);
#1003 = AXIS2_PLACEMENT_3D('',#1004,#1005,#1006);
#1004 = CARTESIAN_POINT('',(79.397232,-54.785213,7.));
#1005 = DIRECTION('',(-0.,-0.,-1.));
#1006 = DIRECTION('',(1.,0.,0.));
#1007 = ADVANCED_FACE('',(#1008),#1027,.T.);
#1008 = FACE_BOUND('',#1009,.F.);
#1009 = EDGE_LOOP('',(#1010,#1018,#1025,#1026));
#1010 = ORIENTED_EDGE('',*,*,#1011,.T.);
#1011 = EDGE_CURVE('',#626,#1012,#1014,.T.);
#1012 = VERTEX_POINT('',#1013);
#1013 = CARTESIAN_POINT('',(17.397285,-54.111717,17.));
#1014 = LINE('',#1015,#1016);
#1015 = CARTESIAN_POINT('',(17.397285,-54.111717,7.));
#1016 = VECTOR('',#1017,1.);
#1017 = DIRECTION('',(0.,0.,1.));
#1018 = ORIENTED_EDGE('',*,*,#1019,.T.);
#1019 = EDGE_CURVE('',#1012,#1012,#1020,.T.);
#1020 = CIRCLE('',#1021,2.701205);
#1021 = AXIS2_PLACEMENT_3D('',#1022,#1023,#1024);
#1022 = CARTESIAN_POINT('',(14.69608,-54.111717,17.));
#1023 = DIRECTION('',(0.,0.,1.));
#1024 = DIRECTION('',(1.,0.,0.));
#1025 = ORIENTED_EDGE('',*,*,#1011,.F.);
#1026 = ORIENTED_EDGE('',*,*,#635,.F.);
#1027 = CYLINDRICAL_SURFACE('',#1028,2.701205);
#1028 = AXIS2_PLACEMENT_3D('',#1029,#1030,#1031);
#1029 = CARTESIAN_POINT('',(14.69608,-54.111717,7.));
#1030 = DIRECTION('',(-0.,-0.,-1.));
#1031 = DIRECTION('',(1.,0.,0.));
#1032 = ADVANCED_FACE('',(#1033),#1052,.T.);
#1033 = FACE_BOUND('',#1034,.F.);
#1034 = EDGE_LOOP('',(#1035,#1043,#1050,#1051));
#1035 = ORIENTED_EDGE('',*,*,#1036,.T.);
#1036 = EDGE_CURVE('',#651,#1037,#1039,.T.);
#1037 = VERTEX_POINT('',#1038);
#1038 = CARTESIAN_POINT('',(17.114809741258,19.050159,17.));
#1039 = LINE('',#1040,#1041);
#1040 = CARTESIAN_POINT('',(17.114809741258,19.050159,7.));
#1041 = VECTOR('',#1042,1.);
#1042 = DIRECTION('',(0.,0.,1.));
#1043 = ORIENTED_EDGE('',*,*,#1044,.T.);
#1044 = EDGE_CURVE('',#1037,#1037,#1045,.T.);
#1045 = CIRCLE('',#1046,2.587323741258);
#1046 = AXIS2_PLACEMENT_3D('',#1047,#1048,#1049);
#1047 = CARTESIAN_POINT('',(14.527486,19.050159,17.));
#1048 = DIRECTION('',(0.,0.,1.));
#1049 = DIRECTION('',(1.,0.,0.));
#1050 = ORIENTED_EDGE('',*,*,#1036,.F.);
#1051 = ORIENTED_EDGE('',*,*,#660,.F.);
#1052 = CYLINDRICAL_SURFACE('',#1053,2.587323741258);
#1053 = AXIS2_PLACEMENT_3D('',#1054,#1055,#1056);
#1054 = CARTESIAN_POINT('',(14.527486,19.050159,7.));
#1055 = DIRECTION('',(-0.,-0.,-1.));
#1056 = DIRECTION('',(1.,0.,0.));
#1057 = ADVANCED_FACE('',(#1058),#1077,.T.);
#1058 = FACE_BOUND('',#1059,.F.);
#1059 = EDGE_LOOP('',(#1060,#1068,#1075,#1076));
#1060 = ORIENTED_EDGE('',*,*,#1061,.T.);
#1061 = EDGE_CURVE('',#676,#1062,#1064,.T.);
#1062 = VERTEX_POINT('',#1063);
#1063 = CARTESIAN_POINT('',(82.161536271784,18.828249,17.));
#1064 = LINE('',#1065,#1066);
#1065 = CARTESIAN_POINT('',(82.161536271784,18.828249,7.));
#1066 = VECTOR('',#1067,1.);
#1067 = DIRECTION('',(0.,0.,1.));
#1068 = ORIENTED_EDGE('',*,*,#1069,.T.);
#1069 = EDGE_CURVE('',#1062,#1062,#1070,.T.);
#1070 = CIRCLE('',#1071,2.629180271784);
#1071 = AXIS2_PLACEMENT_3D('',#1072,#1073,#1074);
#1072 = CARTESIAN_POINT('',(79.532356,18.828249,17.));
#1073 = DIRECTION('',(0.,0.,1.));
#1074 = DIRECTION('',(1.,0.,0.));
#1075 = ORIENTED_EDGE('',*,*,#1061,.F.);
#1076 = ORIENTED_EDGE('',*,*,#685,.F.);
#1077 = CYLINDRICAL_SURFACE('',#1078,2.629180271784);
#1078 = AXIS2_PLACEMENT_3D('',#1079,#1080,#1081);
#1079 = CARTESIAN_POINT('',(79.532356,18.828249,7.));
#1080 = DIRECTION('',(-0.,-0.,-1.));
#1081 = DIRECTION('',(1.,0.,0.));
#1082 = ADVANCED_FACE('',(#1083),#1102,.T.);
#1083 = FACE_BOUND('',#1084,.F.);
#1084 = EDGE_LOOP('',(#1085,#1093,#1100,#1101));
#1085 = ORIENTED_EDGE('',*,*,#1086,.T.);
#1086 = EDGE_CURVE('',#701,#1087,#1089,.T.);
#1087 = VERTEX_POINT('',#1088);
#1088 = CARTESIAN_POINT('',(95.265413350048,22.328535,17.));
#1089 = LINE('',#1090,#1091);
#1090 = CARTESIAN_POINT('',(95.265413350048,22.328535,7.));
#1091 = VECTOR('',#1092,1.);
#1092 = DIRECTION('',(0.,0.,1.));
#1093 = ORIENTED_EDGE('',*,*,#1094,.T.);
#1094 = EDGE_CURVE('',#1087,#1087,#1095,.T.);
#1095 = CIRCLE('',#1096,2.346246350048);
#1096 = AXIS2_PLACEMENT_3D('',#1097,#1098,#1099);
#1097 = CARTESIAN_POINT('',(92.919167,22.328535,17.));
#1098 = DIRECTION('',(0.,0.,1.));
#1099 = DIRECTION('',(1.,0.,0.));
#1100 = ORIENTED_EDGE('',*,*,#1086,.F.);
#1101 = ORIENTED_EDGE('',*,*,#710,.F.);
#1102 = CYLINDRICAL_SURFACE('',#1103,2.346246350048);
#1103 = AXIS2_PLACEMENT_3D('',#1104,#1105,#1106);
#1104 = CARTESIAN_POINT('',(92.919167,22.328535,7.));
#1105 = DIRECTION('',(-0.,-0.,-1.));
#1106 = DIRECTION('',(1.,0.,0.));
#1107 = ADVANCED_FACE('',(#1108),#1111,.T.);
#1108 = FACE_BOUND('',#1109,.T.);
#1109 = EDGE_LOOP('',(#1110));
#1110 = ORIENTED_EDGE('',*,*,#733,.T.);
#1111 = PLANE('',#1112);
#1112 = AXIS2_PLACEMENT_3D('',#1113,#1114,#1115);
#1113 = CARTESIAN_POINT('',(181.60953205924,-18.06234304377,17.));
#1114 = DIRECTION('',(0.,0.,1.));
#1115 = DIRECTION('',(1.,0.,0.));
#1116 = ADVANCED_FACE('',(#1117),#1120,.T.);
#1117 = FACE_BOUND('',#1118,.T.);
#1118 = EDGE_LOOP('',(#1119));
#1119 = ORIENTED_EDGE('',*,*,#758,.T.);
#1120 = PLANE('',#1121);
#1121 = AXIS2_PLACEMENT_3D('',#1122,#1123,#1124);
#1122 = CARTESIAN_POINT('',(181.60953205924,-18.06234304377,17.));
#1123 = DIRECTION('',(0.,0.,1.));
#1124 = DIRECTION('',(1.,0.,0.));
#1125 = ADVANCED_FACE('',(#1126),#1129,.T.);
#1126 = FACE_BOUND('',#1127,.T.);
#1127 = EDGE_LOOP('',(#1128));
#1128 = ORIENTED_EDGE('',*,*,#783,.T.);
#1129 = PLANE('',#1130);
#1130 = AXIS2_PLACEMENT_3D('',#1131,#1132,#1133);
#1131 = CARTESIAN_POINT('',(181.60953205924,-18.06234304377,17.));
#1132 = DIRECTION('',(0.,0.,1.));
#1133 = DIRECTION('',(1.,0.,0.));
#1134 = ADVANCED_FACE('',(#1135),#1138,.T.);
#1135 = FACE_BOUND('',#1136,.T.);
#1136 = EDGE_LOOP('',(#1137));
#1137 = ORIENTED_EDGE('',*,*,#808,.T.);
#1138 = PLANE('',#1139);
#1139 = AXIS2_PLACEMENT_3D('',#1140,#1141,#1142);
#1140 = CARTESIAN_POINT('',(181.60953205924,-18.06234304377,17.));
#1141 = DIRECTION('',(0.,0.,1.));
#1142 = DIRECTION('',(1.,0.,0.));
#1143 = ADVANCED_FACE('',(#1144),#1147,.T.);
#1144 = FACE_BOUND('',#1145,.T.);
#1145 = EDGE_LOOP('',(#1146));
#1146 = ORIENTED_EDGE('',*,*,#833,.T.);
#1147 = PLANE('',#1148);
#1148 = AXIS2_PLACEMENT_3D('',#1149,#1150,#1151);
#1149 = CARTESIAN_POINT('',(181.60953205924,-18.06234304377,17.));
#1150 = DIRECTION('',(0.,0.,1.));
#1151 = DIRECTION('',(1.,0.,0.));
#1152 = ADVANCED_FACE('',(#1153),#1156,.T.);
#1153 = FACE_BOUND('',#1154,.T.);
#1154 = EDGE_LOOP('',(#1155));
#1155 = ORIENTED_EDGE('',*,*,#858,.T.);
#1156 = PLANE('',#1157);
#1157 = AXIS2_PLACEMENT_3D('',#1158,#1159,#1160);
#1158 = CARTESIAN_POINT('',(181.60953205924,-18.06234304377,17.));
#1159 = DIRECTION('',(0.,0.,1.));
#1160 = DIRECTION('',(1.,0.,0.));
#1161 = ADVANCED_FACE('',(#1162),#1187,.F.);
#1162 = FACE_BOUND('',#1163,.F.);
#1163 = EDGE_LOOP('',(#1164,#1172,#1173,#1181));
#1164 = ORIENTED_EDGE('',*,*,#1165,.T.);
#1165 = EDGE_CURVE('',#1166,#876,#1168,.T.);
#1166 = VERTEX_POINT('',#1167);
#1167 = CARTESIAN_POINT('',(362.480628365,-65.615528365,6.8));
#1168 = LINE('',#1169,#1170);
#1169 = CARTESIAN_POINT('',(362.480628365,-65.615528365,0.));
#1170 = VECTOR('',#1171,1.);
#1171 = DIRECTION('',(0.,0.,1.));
#1172 = ORIENTED_EDGE('',*,*,#875,.T.);
#1173 = ORIENTED_EDGE('',*,*,#1174,.F.);
#1174 = EDGE_CURVE('',#1175,#878,#1177,.T.);
#1175 = VERTEX_POINT('',#1176);
#1176 = CARTESIAN_POINT('',(362.480628365,24.384471634994,6.8));
#1177 = LINE('',#1178,#1179);
#1178 = CARTESIAN_POINT('',(362.480628365,24.384471634994,0.));
#1179 = VECTOR('',#1180,1.);
#1180 = DIRECTION('',(0.,0.,1.));
#1181 = ORIENTED_EDGE('',*,*,#1182,.F.);
#1182 = EDGE_CURVE('',#1166,#1175,#1183,.T.);
#1183 = LINE('',#1184,#1185);
#1184 = CARTESIAN_POINT('',(362.480628365,-65.615528365,6.8));
#1185 = VECTOR('',#1186,1.);
#1186 = DIRECTION('',(0.,1.,0.));
#1187 = PLANE('',#1188);
#1188 = AXIS2_PLACEMENT_3D('',#1189,#1190,#1191);
#1189 = CARTESIAN_POINT('',(362.480628365,-65.615528365,0.));
#1190 = DIRECTION('',(-1.,0.,0.));
#1191 = DIRECTION('',(0.,1.,0.));
#1192 = ADVANCED_FACE('',(#1193),#1212,.T.);
#1193 = FACE_BOUND('',#1194,.F.);
#1194 = EDGE_LOOP('',(#1195,#1203,#1204,#1205));
#1195 = ORIENTED_EDGE('',*,*,#1196,.T.);
#1196 = EDGE_CURVE('',#1197,#929,#1199,.T.);
#1197 = VERTEX_POINT('',#1198);
#1198 = CARTESIAN_POINT('',(349.813,-78.28315673001,6.8));
#1199 = LINE('',#1200,#1201);
#1200 = CARTESIAN_POINT('',(349.813,-78.28315673001,0.));
#1201 = VECTOR('',#1202,1.);
#1202 = DIRECTION('',(0.,0.,1.));
#1203 = ORIENTED_EDGE('',*,*,#936,.T.);
#1204 = ORIENTED_EDGE('',*,*,#1165,.F.);
#1205 = ORIENTED_EDGE('',*,*,#1206,.F.);
#1206 = EDGE_CURVE('',#1197,#1166,#1207,.T.);
#1207 = CIRCLE('',#1208,12.667628365006);
#1208 = AXIS2_PLACEMENT_3D('',#1209,#1210,#1211);
#1209 = CARTESIAN_POINT('',(349.813,-65.615528365,6.8));
#1210 = DIRECTION('',(-0.,0.,1.));
#1211 = DIRECTION('',(0.,-1.,0.));
#1212 = CYLINDRICAL_SURFACE('',#1213,12.667628365006);
#1213 = AXIS2_PLACEMENT_3D('',#1214,#1215,#1216);
#1214 = CARTESIAN_POINT('',(349.813,-65.615528365,0.));
#1215 = DIRECTION('',(-0.,-0.,-1.));
#1216 = DIRECTION('',(1.,0.,0.));
#1217 = ADVANCED_FACE('',(#1218),#1237,.T.);
#1218 = FACE_BOUND('',#1219,.F.);
#1219 = EDGE_LOOP('',(#1220,#1221,#1222,#1230));
#1220 = ORIENTED_EDGE('',*,*,#1174,.T.);
#1221 = ORIENTED_EDGE('',*,*,#885,.T.);
#1222 = ORIENTED_EDGE('',*,*,#1223,.F.);
#1223 = EDGE_CURVE('',#1224,#886,#1226,.T.);
#1224 = VERTEX_POINT('',#1225);
#1225 = CARTESIAN_POINT('',(349.813,37.0521,6.8));
#1226 = LINE('',#1227,#1228);
#1227 = CARTESIAN_POINT('',(349.813,37.0521,0.));
#1228 = VECTOR('',#1229,1.);
#1229 = DIRECTION('',(0.,0.,1.));
#1230 = ORIENTED_EDGE('',*,*,#1231,.F.);
#1231 = EDGE_CURVE('',#1175,#1224,#1232,.T.);
#1232 = CIRCLE('',#1233,12.667628365006);
#1233 = AXIS2_PLACEMENT_3D('',#1234,#1235,#1236);
#1234 = CARTESIAN_POINT('',(349.813,24.384471634994,6.8));
#1235 = DIRECTION('',(-0.,0.,1.));
#1236 = DIRECTION('',(1.,-2.8E-16,0.));
#1237 = CYLINDRICAL_SURFACE('',#1238,12.667628365006);
#1238 = AXIS2_PLACEMENT_3D('',#1239,#1240,#1241);
#1239 = CARTESIAN_POINT('',(349.813,24.384471634994,0.));
#1240 = DIRECTION('',(-0.,-0.,-1.));
#1241 = DIRECTION('',(1.,0.,0.));
#1242 = ADVANCED_FACE('',(#1243),#1261,.F.);
#1243 = FACE_BOUND('',#1244,.F.);
#1244 = EDGE_LOOP('',(#1245,#1253,#1254,#1255));
#1245 = ORIENTED_EDGE('',*,*,#1246,.T.);
#1246 = EDGE_CURVE('',#1247,#920,#1249,.T.);
#1247 = VERTEX_POINT('',#1248);
#1248 = CARTESIAN_POINT('',(9.813,-78.28315673001,6.8));
#1249 = LINE('',#1250,#1251);
#1250 = CARTESIAN_POINT('',(9.813,-78.28315673001,0.));
#1251 = VECTOR('',#1252,1.);
#1252 = DIRECTION('',(0.,0.,1.));
#1253 = ORIENTED_EDGE('',*,*,#928,.T.);
#1254 = ORIENTED_EDGE('',*,*,#1196,.F.);
#1255 = ORIENTED_EDGE('',*,*,#1256,.F.);
#1256 = EDGE_CURVE('',#1247,#1197,#1257,.T.);
#1257 = LINE('',#1258,#1259);
#1258 = CARTESIAN_POINT('',(9.813,-78.28315673001,6.8));
#1259 = VECTOR('',#1260,1.);
#1260 = DIRECTION('',(1.,0.,0.));
#1261 = PLANE('',#1262);
#1262 = AXIS2_PLACEMENT_3D('',#1263,#1264,#1265);
#1263 = CARTESIAN_POINT('',(9.813,-78.28315673001,0.));
#1264 = DIRECTION('',(0.,1.,0.));
#1265 = DIRECTION('',(1.,0.,0.));
#1266 = ADVANCED_FACE('',(#1267),#1285,.F.);
#1267 = FACE_BOUND('',#1268,.F.);
#1268 = EDGE_LOOP('',(#1269,#1270,#1271,#1279));
#1269 = ORIENTED_EDGE('',*,*,#1223,.T.);
#1270 = ORIENTED_EDGE('',*,*,#894,.T.);
#1271 = ORIENTED_EDGE('',*,*,#1272,.F.);
#1272 = EDGE_CURVE('',#1273,#895,#1275,.T.);
#1273 = VERTEX_POINT('',#1274);
#1274 = CARTESIAN_POINT('',(9.813,37.0521,6.8));
#1275 = LINE('',#1276,#1277);
#1276 = CARTESIAN_POINT('',(9.813,37.0521,0.));
#1277 = VECTOR('',#1278,1.);
#1278 = DIRECTION('',(0.,0.,1.));
#1279 = ORIENTED_EDGE('',*,*,#1280,.F.);
#1280 = EDGE_CURVE('',#1224,#1273,#1281,.T.);
#1281 = LINE('',#1282,#1283);
#1282 = CARTESIAN_POINT('',(349.813,37.0521,6.8));
#1283 = VECTOR('',#1284,1.);
#1284 = DIRECTION('',(-1.,0.,0.));
#1285 = PLANE('',#1286);
#1286 = AXIS2_PLACEMENT_3D('',#1287,#1288,#1289);
#1287 = CARTESIAN_POINT('',(349.813,37.0521,0.));
#1288 = DIRECTION('',(0.,-1.,0.));
#1289 = DIRECTION('',(-1.,0.,0.));
#1290 = ADVANCED_FACE('',(#1291),#1310,.T.);
#1291 = FACE_BOUND('',#1292,.F.);
#1292 = EDGE_LOOP('',(#1293,#1301,#1302,#1303));
#1293 = ORIENTED_EDGE('',*,*,#1294,.T.);
#1294 = EDGE_CURVE('',#1295,#912,#1297,.T.);
#1295 = VERTEX_POINT('',#1296);
#1296 = CARTESIAN_POINT('',(-2.854628365006,-65.615528365,6.8));
#1297 = LINE('',#1298,#1299);
#1298 = CARTESIAN_POINT('',(-2.854628365006,-65.615528365,0.));
#1299 = VECTOR('',#1300,1.);
#1300 = DIRECTION('',(0.,0.,1.));
#1301 = ORIENTED_EDGE('',*,*,#919,.T.);
#1302 = ORIENTED_EDGE('',*,*,#1246,.F.);
#1303 = ORIENTED_EDGE('',*,*,#1304,.F.);
#1304 = EDGE_CURVE('',#1295,#1247,#1305,.T.);
#1305 = CIRCLE('',#1306,12.667628365006);
#1306 = AXIS2_PLACEMENT_3D('',#1307,#1308,#1309);
#1307 = CARTESIAN_POINT('',(9.813,-65.615528365,6.8));
#1308 = DIRECTION('',(0.,0.,1.));
#1309 = DIRECTION('',(-1.,0.,0.));
#1310 = CYLINDRICAL_SURFACE('',#1311,12.667628365006);
#1311 = AXIS2_PLACEMENT_3D('',#1312,#1313,#1314);
#1312 = CARTESIAN_POINT('',(9.813,-65.615528365,0.));
#1313 = DIRECTION('',(-0.,-0.,-1.));
#1314 = DIRECTION('',(1.,0.,0.));
#1315 = ADVANCED_FACE('',(#1316),#1335,.T.);
#1316 = FACE_BOUND('',#1317,.F.);
#1317 = EDGE_LOOP('',(#1318,#1319,#1320,#1328));
#1318 = ORIENTED_EDGE('',*,*,#1272,.T.);
#1319 = ORIENTED_EDGE('',*,*,#902,.T.);
#1320 = ORIENTED_EDGE('',*,*,#1321,.F.);
#1321 = EDGE_CURVE('',#1322,#903,#1324,.T.);
#1322 = VERTEX_POINT('',#1323);
#1323 = CARTESIAN_POINT('',(-2.854628365006,24.384471634994,6.8));
#1324 = LINE('',#1325,#1326);
#1325 = CARTESIAN_POINT('',(-2.854628365006,24.384471634994,0.));
#1326 = VECTOR('',#1327,1.);
#1327 = DIRECTION('',(0.,0.,1.));
#1328 = ORIENTED_EDGE('',*,*,#1329,.F.);
#1329 = EDGE_CURVE('',#1273,#1322,#1330,.T.);
#1330 = CIRCLE('',#1331,12.667628365006);
#1331 = AXIS2_PLACEMENT_3D('',#1332,#1333,#1334);
#1332 = CARTESIAN_POINT('',(9.813,24.384471634994,6.8));
#1333 = DIRECTION('',(0.,0.,1.));
#1334 = DIRECTION('',(-1.26E-15,1.,0.));
#1335 = CYLINDRICAL_SURFACE('',#1336,12.667628365006);
#1336 = AXIS2_PLACEMENT_3D('',#1337,#1338,#1339);
#1337 = CARTESIAN_POINT('',(9.813,24.384471634994,0.));
#1338 = DIRECTION('',(-0.,-0.,-1.));
#1339 = DIRECTION('',(1.,0.,0.));
#1340 = ADVANCED_FACE('',(#1341),#1352,.F.);
#1341 = FACE_BOUND('',#1342,.F.);
#1342 = EDGE_LOOP('',(#1343,#1344,#1345,#1346));
#1343 = ORIENTED_EDGE('',*,*,#1321,.T.);
#1344 = ORIENTED_EDGE('',*,*,#911,.T.);
#1345 = ORIENTED_EDGE('',*,*,#1294,.F.);
#1346 = ORIENTED_EDGE('',*,*,#1347,.F.);
#1347 = EDGE_CURVE('',#1322,#1295,#1348,.T.);
#1348 = LINE('',#1349,#1350);
#1349 = CARTESIAN_POINT('',(-2.854628365006,24.384471634994,6.8));
#1350 = VECTOR('',#1351,1.);
#1351 = DIRECTION('',(0.,-1.,0.));
#1352 = PLANE('',#1353);
#1353 = AXIS2_PLACEMENT_3D('',#1354,#1355,#1356);
#1354 = CARTESIAN_POINT('',(-2.854628365006,24.384471634994,0.));
#1355 = DIRECTION('',(1.,0.,0.));
#1356 = DIRECTION('',(0.,-1.,0.));
#1357 = ADVANCED_FACE('',(#1358),#1361,.T.);
#1358 = FACE_BOUND('',#1359,.T.);
#1359 = EDGE_LOOP('',(#1360));
#1360 = ORIENTED_EDGE('',*,*,#969,.T.);
#1361 = PLANE('',#1362);
#1362 = AXIS2_PLACEMENT_3D('',#1363,#1364,#1365);
#1363 = CARTESIAN_POINT('',(181.60953205924,-18.06234304377,17.));
#1364 = DIRECTION('',(0.,0.,1.));
#1365 = DIRECTION('',(1.,0.,0.));
#1366 = ADVANCED_FACE('',(#1367),#1370,.T.);
#1367 = FACE_BOUND('',#1368,.T.);
#1368 = EDGE_LOOP('',(#1369));
#1369 = ORIENTED_EDGE('',*,*,#994,.T.);
#1370 = PLANE('',#1371);
#1371 = AXIS2_PLACEMENT_3D('',#1372,#1373,#1374);
#1372 = CARTESIAN_POINT('',(181.60953205924,-18.06234304377,17.));
#1373 = DIRECTION('',(0.,0.,1.));
#1374 = DIRECTION('',(1.,0.,0.));
#1375 = ADVANCED_FACE('',(#1376),#1379,.T.);
#1376 = FACE_BOUND('',#1377,.T.);
#1377 = EDGE_LOOP('',(#1378));
#1378 = ORIENTED_EDGE('',*,*,#1019,.T.);
#1379 = PLANE('',#1380);
#1380 = AXIS2_PLACEMENT_3D('',#1381,#1382,#1383);
#1381 = CARTESIAN_POINT('',(181.60953205924,-18.06234304377,17.));
#1382 = DIRECTION('',(0.,0.,1.));
#1383 = DIRECTION('',(1.,0.,0.));
#1384 = ADVANCED_FACE('',(#1385),#1388,.T.);
#1385 = FACE_BOUND('',#1386,.T.);
#1386 = EDGE_LOOP('',(#1387));
#1387 = ORIENTED_EDGE('',*,*,#1044,.T.);
#1388 = PLANE('',#1389);
#1389 = AXIS2_PLACEMENT_3D('',#1390,#1391,#1392);
#1390 = CARTESIAN_POINT('',(181.60953205924,-18.06234304377,17.));
#1391 = DIRECTION('',(0.,0.,1.));
#1392 = DIRECTION('',(1.,0.,0.));
#1393 = ADVANCED_FACE('',(#1394),#1397,.T.);
#1394 = FACE_BOUND('',#1395,.T.);
#1395 = EDGE_LOOP('',(#1396));
#1396 = ORIENTED_EDGE('',*,*,#1069,.T.);
#1397 = PLANE('',#1398);
#1398 = AXIS2_PLACEMENT_3D('',#1399,#1400,#1401);
#1399 = CARTESIAN_POINT('',(181.60953205924,-18.06234304377,17.));
#1400 = DIRECTION('',(0.,0.,1.));
#1401 = DIRECTION('',(1.,0.,0.));
#1402 = ADVANCED_FACE('',(#1403),#1406,.T.);
#1403 = FACE_BOUND('',#1404,.T.);
#1404 = EDGE_LOOP('',(#1405));
#1405 = ORIENTED_EDGE('',*,*,#1094,.T.);
#1406 = PLANE('',#1407);
#1407 = AXIS2_PLACEMENT_3D('',#1408,#1409,#1410);
#1408 = CARTESIAN_POINT('',(181.60953205924,-18.06234304377,17.));
#1409 = DIRECTION('',(0.,0.,1.));
#1410 = DIRECTION('',(1.,0.,0.));
#1411 = ADVANCED_FACE('',(#1412),#1439,.T.);
#1412 = FACE_BOUND('',#1413,.T.);
#1413 = EDGE_LOOP('',(#1414,#1423,#1431,#1438));
#1414 = ORIENTED_EDGE('',*,*,#1415,.T.);
#1415 = EDGE_CURVE('',#1166,#1416,#1418,.T.);
#1416 = VERTEX_POINT('',#1417);
#1417 = CARTESIAN_POINT('',(355.680628365,-65.615528365,0.));
#1418 = CIRCLE('',#1419,6.8);
#1419 = AXIS2_PLACEMENT_3D('',#1420,#1421,#1422);
#1420 = CARTESIAN_POINT('',(355.680628365,-65.615528365,6.8));
#1421 = DIRECTION('',(6.E-17,1.,0.));
#1422 = DIRECTION('',(1.,-6.E-17,0.));
#1423 = ORIENTED_EDGE('',*,*,#1424,.T.);
#1424 = EDGE_CURVE('',#1416,#1425,#1427,.T.);
#1425 = VERTEX_POINT('',#1426);
#1426 = CARTESIAN_POINT('',(355.680628365,24.384471634994,-1.E-15));
#1427 = LINE('',#1428,#1429);
#1428 = CARTESIAN_POINT('',(355.680628365,-65.615528365,-8.9E-16));
#1429 = VECTOR('',#1430,1.);
#1430 = DIRECTION('',(0.,1.,0.));
#1431 = ORIENTED_EDGE('',*,*,#1432,.F.);
#1432 = EDGE_CURVE('',#1175,#1425,#1433,.T.);
#1433 = CIRCLE('',#1434,6.8);
#1434 = AXIS2_PLACEMENT_3D('',#1435,#1436,#1437);
#1435 = CARTESIAN_POINT('',(355.680628365,24.384471634994,6.8));
#1436 = DIRECTION('',(-0.,1.,0.));
#1437 = DIRECTION('',(1.,0.,0.));
#1438 = ORIENTED_EDGE('',*,*,#1182,.F.);
#1439 = CYLINDRICAL_SURFACE('',#1440,6.8);
#1440 = AXIS2_PLACEMENT_3D('',#1441,#1442,#1443);
#1441 = CARTESIAN_POINT('',(355.680628365,-65.615528365,6.8));
#1442 = DIRECTION('',(0.,1.,0.));
#1443 = DIRECTION('',(1.,0.,0.));
#1444 = ADVANCED_FACE('',(#1445),#1465,.T.);
#1445 = FACE_BOUND('',#1446,.F.);
#1446 = EDGE_LOOP('',(#1447,#1456,#1457,#1458));
#1447 = ORIENTED_EDGE('',*,*,#1448,.F.);
#1448 = EDGE_CURVE('',#1197,#1449,#1451,.T.);
#1449 = VERTEX_POINT('',#1450);
#1450 = CARTESIAN_POINT('',(349.813,-71.48315673001,-1.E-15));
#1451 = CIRCLE('',#1452,6.8);
#1452 = AXIS2_PLACEMENT_3D('',#1453,#1454,#1455);
#1453 = CARTESIAN_POINT('',(349.813,-71.48315673001,6.8));
#1454 = DIRECTION('',(1.,0.,0.));
#1455 = DIRECTION('',(0.,-1.,0.));
#1456 = ORIENTED_EDGE('',*,*,#1206,.T.);
#1457 = ORIENTED_EDGE('',*,*,#1415,.T.);
#1458 = ORIENTED_EDGE('',*,*,#1459,.F.);
#1459 = EDGE_CURVE('',#1449,#1416,#1460,.T.);
#1460 = CIRCLE('',#1461,5.867628365006);
#1461 = AXIS2_PLACEMENT_3D('',#1462,#1463,#1464);
#1462 = CARTESIAN_POINT('',(349.813,-65.615528365,0.));
#1463 = DIRECTION('',(-0.,0.,1.));
#1464 = DIRECTION('',(0.,-1.,0.));
#1465 = SURFACE_OF_REVOLUTION('',#1466,#1479);
#1466 = B_SPLINE_CURVE_WITH_KNOTS('',6,(#1467,#1468,#1469,#1470,#1471,
    #1472,#1473,#1474,#1475,#1476,#1477,#1478),.UNSPECIFIED.,.F.,.F.,(7,
    5,7),(0.,0.785398163397,1.570796326795),.UNSPECIFIED.);
#1467 = CARTESIAN_POINT('',(349.813,-78.28315673001,6.8));
#1468 = CARTESIAN_POINT('',(349.813,-78.28315673001,5.909882081483));
#1469 = CARTESIAN_POINT('',(349.81299999999,-78.14333788277,
    5.019765649707));
#1470 = CARTESIAN_POINT('',(349.813,-77.86369654578,4.157093873046));
#1471 = CARTESIAN_POINT('',(349.81299999999,-77.45143176825,
    3.349356524142));
#1472 = CARTESIAN_POINT('',(349.813,-76.92089125831,2.621082304171));
#1473 = CARTESIAN_POINT('',(349.813,-75.66207442584,1.362265471692));
#1474 = CARTESIAN_POINT('',(349.813,-74.93380020587,0.831724961755));
#1475 = CARTESIAN_POINT('',(349.813,-74.12606285696,0.419460184228));
#1476 = CARTESIAN_POINT('',(349.813,-73.2633910803,0.139818847234));
#1477 = CARTESIAN_POINT('',(349.813,-72.37327464852,-2.572268424968E-17)
  );
#1478 = CARTESIAN_POINT('',(349.813,-71.48315673001,-1.110223024625E-16)
  );
#1479 = AXIS1_PLACEMENT('',#1480,#1481);
#1480 = CARTESIAN_POINT('',(349.813,-65.615528365,6.8));
#1481 = DIRECTION('',(-0.,-0.,-1.));
#1482 = ADVANCED_FACE('',(#1483),#1503,.T.);
#1483 = FACE_BOUND('',#1484,.F.);
#1484 = EDGE_LOOP('',(#1485,#1486,#1487,#1496));
#1485 = ORIENTED_EDGE('',*,*,#1432,.F.);
#1486 = ORIENTED_EDGE('',*,*,#1231,.T.);
#1487 = ORIENTED_EDGE('',*,*,#1488,.T.);
#1488 = EDGE_CURVE('',#1224,#1489,#1491,.T.);
#1489 = VERTEX_POINT('',#1490);
#1490 = CARTESIAN_POINT('',(349.813,30.2521,0.));
#1491 = CIRCLE('',#1492,6.8);
#1492 = AXIS2_PLACEMENT_3D('',#1493,#1494,#1495);
#1493 = CARTESIAN_POINT('',(349.813,30.2521,6.8));
#1494 = DIRECTION('',(-1.,-9.9E-16,-0.));
#1495 = DIRECTION('',(-9.9E-16,1.,0.));
#1496 = ORIENTED_EDGE('',*,*,#1497,.F.);
#1497 = EDGE_CURVE('',#1425,#1489,#1498,.T.);
#1498 = CIRCLE('',#1499,5.867628365006);
#1499 = AXIS2_PLACEMENT_3D('',#1500,#1501,#1502);
#1500 = CARTESIAN_POINT('',(349.813,24.384471634994,0.));
#1501 = DIRECTION('',(-0.,0.,1.));
#1502 = DIRECTION('',(1.,-2.8E-16,0.));
#1503 = SURFACE_OF_REVOLUTION('',#1504,#1517);
#1504 = B_SPLINE_CURVE_WITH_KNOTS('',6,(#1505,#1506,#1507,#1508,#1509,
    #1510,#1511,#1512,#1513,#1514,#1515,#1516),.UNSPECIFIED.,.F.,.F.,(7,
    5,7),(0.,0.785398163397,1.570796326795),.UNSPECIFIED.);
#1505 = CARTESIAN_POINT('',(362.480628365,24.384471634994,6.8));
#1506 = CARTESIAN_POINT('',(362.480628365,24.384471634994,5.909882081483
    ));
#1507 = CARTESIAN_POINT('',(362.34080951777,24.384471634994,
    5.019765649707));
#1508 = CARTESIAN_POINT('',(362.06116818077,24.384471634994,
    4.157093873046));
#1509 = CARTESIAN_POINT('',(361.64890340325,24.384471634994,
    3.349356524142));
#1510 = CARTESIAN_POINT('',(361.11836289331,24.384471634994,
    2.621082304171));
#1511 = CARTESIAN_POINT('',(359.85954606083,24.384471634994,
    1.362265471692));
#1512 = CARTESIAN_POINT('',(359.13127184086,24.384471634994,
    0.831724961755));
#1513 = CARTESIAN_POINT('',(358.32353449196,24.384471634994,
    0.419460184228));
#1514 = CARTESIAN_POINT('',(357.46086271529,24.384471634994,
    0.139818847234));
#1515 = CARTESIAN_POINT('',(356.57074628352,24.384471634994,
    -2.572268424968E-17));
#1516 = CARTESIAN_POINT('',(355.680628365,24.384471634994,
    -1.110223024625E-16));
#1517 = AXIS1_PLACEMENT('',#1518,#1519);
#1518 = CARTESIAN_POINT('',(349.813,24.384471634994,6.8));
#1519 = DIRECTION('',(-0.,-0.,-1.));
#1520 = ADVANCED_FACE('',(#1521),#1540,.T.);
#1521 = FACE_BOUND('',#1522,.T.);
#1522 = EDGE_LOOP('',(#1523,#1532,#1538,#1539));
#1523 = ORIENTED_EDGE('',*,*,#1524,.T.);
#1524 = EDGE_CURVE('',#1247,#1525,#1527,.T.);
#1525 = VERTEX_POINT('',#1526);
#1526 = CARTESIAN_POINT('',(9.813,-71.48315673001,0.));
#1527 = CIRCLE('',#1528,6.8);
#1528 = AXIS2_PLACEMENT_3D('',#1529,#1530,#1531);
#1529 = CARTESIAN_POINT('',(9.813,-71.48315673001,6.8));
#1530 = DIRECTION('',(1.,-6.E-17,0.));
#1531 = DIRECTION('',(-6.E-17,-1.,0.));
#1532 = ORIENTED_EDGE('',*,*,#1533,.T.);
#1533 = EDGE_CURVE('',#1525,#1449,#1534,.T.);
#1534 = LINE('',#1535,#1536);
#1535 = CARTESIAN_POINT('',(9.813,-71.48315673001,-8.9E-16));
#1536 = VECTOR('',#1537,1.);
#1537 = DIRECTION('',(1.,0.,0.));
#1538 = ORIENTED_EDGE('',*,*,#1448,.F.);
#1539 = ORIENTED_EDGE('',*,*,#1256,.F.);
#1540 = CYLINDRICAL_SURFACE('',#1541,6.8);
#1541 = AXIS2_PLACEMENT_3D('',#1542,#1543,#1544);
#1542 = CARTESIAN_POINT('',(9.813,-71.48315673001,6.8));
#1543 = DIRECTION('',(1.,0.,0.));
#1544 = DIRECTION('',(0.,-1.,0.));
#1545 = ADVANCED_FACE('',(#1546),#1565,.T.);
#1546 = FACE_BOUND('',#1547,.T.);
#1547 = EDGE_LOOP('',(#1548,#1549,#1557,#1564));
#1548 = ORIENTED_EDGE('',*,*,#1488,.T.);
#1549 = ORIENTED_EDGE('',*,*,#1550,.T.);
#1550 = EDGE_CURVE('',#1489,#1551,#1553,.T.);
#1551 = VERTEX_POINT('',#1552);
#1552 = CARTESIAN_POINT('',(9.813,30.2521,-1.E-15));
#1553 = LINE('',#1554,#1555);
#1554 = CARTESIAN_POINT('',(349.813,30.2521,-8.9E-16));
#1555 = VECTOR('',#1556,1.);
#1556 = DIRECTION('',(-1.,0.,0.));
#1557 = ORIENTED_EDGE('',*,*,#1558,.F.);
#1558 = EDGE_CURVE('',#1273,#1551,#1559,.T.);
#1559 = CIRCLE('',#1560,6.8);
#1560 = AXIS2_PLACEMENT_3D('',#1561,#1562,#1563);
#1561 = CARTESIAN_POINT('',(9.813,30.2521,6.8));
#1562 = DIRECTION('',(-1.,0.,0.));
#1563 = DIRECTION('',(0.,1.,0.));
#1564 = ORIENTED_EDGE('',*,*,#1280,.F.);
#1565 = CYLINDRICAL_SURFACE('',#1566,6.8);
#1566 = AXIS2_PLACEMENT_3D('',#1567,#1568,#1569);
#1567 = CARTESIAN_POINT('',(349.813,30.2521,6.8));
#1568 = DIRECTION('',(-1.,0.,0.));
#1569 = DIRECTION('',(0.,1.,0.));
#1570 = ADVANCED_FACE('',(#1571),#1591,.T.);
#1571 = FACE_BOUND('',#1572,.F.);
#1572 = EDGE_LOOP('',(#1573,#1582,#1583,#1584));
#1573 = ORIENTED_EDGE('',*,*,#1574,.F.);
#1574 = EDGE_CURVE('',#1295,#1575,#1577,.T.);
#1575 = VERTEX_POINT('',#1576);
#1576 = CARTESIAN_POINT('',(3.945371634994,-65.615528365,-1.E-15));
#1577 = CIRCLE('',#1578,6.8);
#1578 = AXIS2_PLACEMENT_3D('',#1579,#1580,#1581);
#1579 = CARTESIAN_POINT('',(3.945371634994,-65.615528365,6.8));
#1580 = DIRECTION('',(0.,-1.,0.));
#1581 = DIRECTION('',(-1.,0.,0.));
#1582 = ORIENTED_EDGE('',*,*,#1304,.T.);
#1583 = ORIENTED_EDGE('',*,*,#1524,.T.);
#1584 = ORIENTED_EDGE('',*,*,#1585,.F.);
#1585 = EDGE_CURVE('',#1575,#1525,#1586,.T.);
#1586 = CIRCLE('',#1587,5.867628365006);
#1587 = AXIS2_PLACEMENT_3D('',#1588,#1589,#1590);
#1588 = CARTESIAN_POINT('',(9.813,-65.615528365,0.));
#1589 = DIRECTION('',(0.,0.,1.));
#1590 = DIRECTION('',(-1.,0.,0.));
#1591 = SURFACE_OF_REVOLUTION('',#1592,#1605);
#1592 = B_SPLINE_CURVE_WITH_KNOTS('',6,(#1593,#1594,#1595,#1596,#1597,
    #1598,#1599,#1600,#1601,#1602,#1603,#1604),.UNSPECIFIED.,.F.,.F.,(7,
    5,7),(0.,0.785398163397,1.570796326795),.UNSPECIFIED.);
#1593 = CARTESIAN_POINT('',(-2.854628365006,-65.615528365,6.8));
#1594 = CARTESIAN_POINT('',(-2.854628365006,-65.615528365,5.909882081483
    ));
#1595 = CARTESIAN_POINT('',(-2.714809517772,-65.615528365,5.019765649707
    ));
#1596 = CARTESIAN_POINT('',(-2.435168180778,-65.615528365,4.157093873046
    ));
#1597 = CARTESIAN_POINT('',(-2.022903403251,-65.615528365,3.349356524142
    ));
#1598 = CARTESIAN_POINT('',(-1.492362893313,-65.615528365,2.621082304171
    ));
#1599 = CARTESIAN_POINT('',(-0.233546060835,-65.615528365,1.362265471692
    ));
#1600 = CARTESIAN_POINT('',(0.494728159136,-65.615528365,0.831724961755)
  );
#1601 = CARTESIAN_POINT('',(1.30246550804,-65.615528365,0.419460184228)
  );
#1602 = CARTESIAN_POINT('',(2.165137284701,-65.615528365,0.139818847234)
  );
#1603 = CARTESIAN_POINT('',(3.055253716477,-65.615528365,
    -2.572268424968E-17));
#1604 = CARTESIAN_POINT('',(3.945371634994,-65.615528365,
    -1.110223024625E-16));
#1605 = AXIS1_PLACEMENT('',#1606,#1607);
#1606 = CARTESIAN_POINT('',(9.813,-65.615528365,6.8));
#1607 = DIRECTION('',(-0.,-0.,-1.));
#1608 = ADVANCED_FACE('',(#1609),#1629,.T.);
#1609 = FACE_BOUND('',#1610,.F.);
#1610 = EDGE_LOOP('',(#1611,#1612,#1613,#1622));
#1611 = ORIENTED_EDGE('',*,*,#1558,.F.);
#1612 = ORIENTED_EDGE('',*,*,#1329,.T.);
#1613 = ORIENTED_EDGE('',*,*,#1614,.T.);
#1614 = EDGE_CURVE('',#1322,#1615,#1617,.T.);
#1615 = VERTEX_POINT('',#1616);
#1616 = CARTESIAN_POINT('',(3.945371634994,24.384471634994,-1.E-15));
#1617 = CIRCLE('',#1618,6.8);
#1618 = AXIS2_PLACEMENT_3D('',#1619,#1620,#1621);
#1619 = CARTESIAN_POINT('',(3.945371634994,24.384471634994,6.8));
#1620 = DIRECTION('',(0.,-1.,0.));
#1621 = DIRECTION('',(-1.,0.,0.));
#1622 = ORIENTED_EDGE('',*,*,#1623,.F.);
#1623 = EDGE_CURVE('',#1551,#1615,#1624,.T.);
#1624 = CIRCLE('',#1625,5.867628365006);
#1625 = AXIS2_PLACEMENT_3D('',#1626,#1627,#1628);
#1626 = CARTESIAN_POINT('',(9.813,24.384471634994,0.));
#1627 = DIRECTION('',(0.,0.,1.));
#1628 = DIRECTION('',(-1.26E-15,1.,0.));
#1629 = SURFACE_OF_REVOLUTION('',#1630,#1643);
#1630 = B_SPLINE_CURVE_WITH_KNOTS('',6,(#1631,#1632,#1633,#1634,#1635,
    #1636,#1637,#1638,#1639,#1640,#1641,#1642),.UNSPECIFIED.,.F.,.F.,(7,
    5,7),(0.,0.785398163397,1.570796326795),.UNSPECIFIED.);
#1631 = CARTESIAN_POINT('',(9.813,37.0521,6.8));
#1632 = CARTESIAN_POINT('',(9.813,37.0521,5.909882081483));
#1633 = CARTESIAN_POINT('',(9.813,36.912281152766,5.019765649707));
#1634 = CARTESIAN_POINT('',(9.813,36.632639815772,4.157093873046));
#1635 = CARTESIAN_POINT('',(9.813,36.220375038245,3.349356524142));
#1636 = CARTESIAN_POINT('',(9.813,35.689834528308,2.621082304171));
#1637 = CARTESIAN_POINT('',(9.813,34.431017695829,1.362265471692));
#1638 = CARTESIAN_POINT('',(9.813,33.702743475858,0.831724961755));
#1639 = CARTESIAN_POINT('',(9.813,32.895006126954,0.419460184228));
#1640 = CARTESIAN_POINT('',(9.813,32.032334350293,0.139818847234));
#1641 = CARTESIAN_POINT('',(9.813,31.142217918517,-2.572268424968E-17));
#1642 = CARTESIAN_POINT('',(9.813,30.2521,-1.110223024625E-16));
#1643 = AXIS1_PLACEMENT('',#1644,#1645);
#1644 = CARTESIAN_POINT('',(9.813,24.384471634994,6.8));
#1645 = DIRECTION('',(-0.,-0.,-1.));
#1646 = ADVANCED_FACE('',(#1647),#1658,.T.);
#1647 = FACE_BOUND('',#1648,.T.);
#1648 = EDGE_LOOP('',(#1649,#1650,#1656,#1657));
#1649 = ORIENTED_EDGE('',*,*,#1614,.T.);
#1650 = ORIENTED_EDGE('',*,*,#1651,.T.);
#1651 = EDGE_CURVE('',#1615,#1575,#1652,.T.);
#1652 = LINE('',#1653,#1654);
#1653 = CARTESIAN_POINT('',(3.945371634994,24.384471634994,-8.9E-16));
#1654 = VECTOR('',#1655,1.);
#1655 = DIRECTION('',(0.,-1.,0.));
#1656 = ORIENTED_EDGE('',*,*,#1574,.F.);
#1657 = ORIENTED_EDGE('',*,*,#1347,.F.);
#1658 = CYLINDRICAL_SURFACE('',#1659,6.8);
#1659 = AXIS2_PLACEMENT_3D('',#1660,#1661,#1662);
#1660 = CARTESIAN_POINT('',(3.945371634994,24.384471634994,6.8));
#1661 = DIRECTION('',(0.,-1.,0.));
#1662 = DIRECTION('',(-1.,0.,0.));
#1663 = ADVANCED_FACE('',(#1664,#1734,#1744),#1814,.F.);
#1664 = FACE_BOUND('',#1665,.F.);
#1665 = EDGE_LOOP('',(#1666,#1676,#1685,#1693,#1702,#1710,#1719,#1727));
#1666 = ORIENTED_EDGE('',*,*,#1667,.T.);
#1667 = EDGE_CURVE('',#1668,#1670,#1672,.T.);
#1668 = VERTEX_POINT('',#1669);
#1669 = CARTESIAN_POINT('',(353.0943,18.77213,0.));
#1670 = VERTEX_POINT('',#1671);
#1671 = CARTESIAN_POINT('',(353.0943,-60.81767,0.));
#1672 = LINE('',#1673,#1674);
#1673 = CARTESIAN_POINT('',(353.0943,27.77213,0.));
#1674 = VECTOR('',#1675,1.);
#1675 = DIRECTION('',(0.,-1.,0.));
#1676 = ORIENTED_EDGE('',*,*,#1677,.F.);
#1677 = EDGE_CURVE('',#1678,#1670,#1680,.T.);
#1678 = VERTEX_POINT('',#1679);
#1679 = CARTESIAN_POINT('',(344.0943,-69.81767,0.));
#1680 = CIRCLE('',#1681,9.);
#1681 = AXIS2_PLACEMENT_3D('',#1682,#1683,#1684);
#1682 = CARTESIAN_POINT('',(344.0943,-60.81767,0.));
#1683 = DIRECTION('',(0.,-0.,1.));
#1684 = DIRECTION('',(0.,1.,0.));
#1685 = ORIENTED_EDGE('',*,*,#1686,.T.);
#1686 = EDGE_CURVE('',#1678,#1687,#1689,.T.);
#1687 = VERTEX_POINT('',#1688);
#1688 = CARTESIAN_POINT('',(342.0943,-69.81767,0.));
#1689 = LINE('',#1690,#1691);
#1690 = CARTESIAN_POINT('',(353.0943,-69.81767,0.));
#1691 = VECTOR('',#1692,1.);
#1692 = DIRECTION('',(-1.,0.,0.));
#1693 = ORIENTED_EDGE('',*,*,#1694,.T.);
#1694 = EDGE_CURVE('',#1687,#1695,#1697,.T.);
#1695 = VERTEX_POINT('',#1696);
#1696 = CARTESIAN_POINT('',(333.0943,-60.81767,0.));
#1697 = CIRCLE('',#1698,9.);
#1698 = AXIS2_PLACEMENT_3D('',#1699,#1700,#1701);
#1699 = CARTESIAN_POINT('',(342.0943,-60.81767,0.));
#1700 = DIRECTION('',(0.,0.,-1.));
#1701 = DIRECTION('',(0.,-1.,0.));
#1702 = ORIENTED_EDGE('',*,*,#1703,.T.);
#1703 = EDGE_CURVE('',#1695,#1704,#1706,.T.);
#1704 = VERTEX_POINT('',#1705);
#1705 = CARTESIAN_POINT('',(333.0943,18.77213,0.));
#1706 = LINE('',#1707,#1708);
#1707 = CARTESIAN_POINT('',(333.0943,-69.81767,0.));
#1708 = VECTOR('',#1709,1.);
#1709 = DIRECTION('',(0.,1.,0.));
#1710 = ORIENTED_EDGE('',*,*,#1711,.F.);
#1711 = EDGE_CURVE('',#1712,#1704,#1714,.T.);
#1712 = VERTEX_POINT('',#1713);
#1713 = CARTESIAN_POINT('',(342.0943,27.77213,0.));
#1714 = CIRCLE('',#1715,9.);
#1715 = AXIS2_PLACEMENT_3D('',#1716,#1717,#1718);
#1716 = CARTESIAN_POINT('',(342.0943,18.77213,0.));
#1717 = DIRECTION('',(0.,-0.,1.));
#1718 = DIRECTION('',(0.,1.,0.));
#1719 = ORIENTED_EDGE('',*,*,#1720,.T.);
#1720 = EDGE_CURVE('',#1712,#1721,#1723,.T.);
#1721 = VERTEX_POINT('',#1722);
#1722 = CARTESIAN_POINT('',(344.0943,27.77213,0.));
#1723 = LINE('',#1724,#1725);
#1724 = CARTESIAN_POINT('',(333.0943,27.77213,0.));
#1725 = VECTOR('',#1726,1.);
#1726 = DIRECTION('',(1.,0.,0.));
#1727 = ORIENTED_EDGE('',*,*,#1728,.T.);
#1728 = EDGE_CURVE('',#1721,#1668,#1729,.T.);
#1729 = CIRCLE('',#1730,9.);
#1730 = AXIS2_PLACEMENT_3D('',#1731,#1732,#1733);
#1731 = CARTESIAN_POINT('',(344.0943,18.77213,0.));
#1732 = DIRECTION('',(0.,0.,-1.));
#1733 = DIRECTION('',(0.,-1.,0.));
#1734 = FACE_BOUND('',#1735,.F.);
#1735 = EDGE_LOOP('',(#1736,#1737,#1738,#1739,#1740,#1741,#1742,#1743));
#1736 = ORIENTED_EDGE('',*,*,#1651,.T.);
#1737 = ORIENTED_EDGE('',*,*,#1585,.T.);
#1738 = ORIENTED_EDGE('',*,*,#1533,.T.);
#1739 = ORIENTED_EDGE('',*,*,#1459,.T.);
#1740 = ORIENTED_EDGE('',*,*,#1424,.T.);
#1741 = ORIENTED_EDGE('',*,*,#1497,.T.);
#1742 = ORIENTED_EDGE('',*,*,#1550,.T.);
#1743 = ORIENTED_EDGE('',*,*,#1623,.T.);
#1744 = FACE_BOUND('',#1745,.F.);
#1745 = EDGE_LOOP('',(#1746,#1756,#1765,#1773,#1782,#1790,#1799,#1807));
#1746 = ORIENTED_EDGE('',*,*,#1747,.T.);
#1747 = EDGE_CURVE('',#1748,#1750,#1752,.T.);
#1748 = VERTEX_POINT('',#1749);
#1749 = CARTESIAN_POINT('',(26.2473,19.1015,0.));
#1750 = VERTEX_POINT('',#1751);
#1751 = CARTESIAN_POINT('',(26.2473,-60.4883,0.));
#1752 = LINE('',#1753,#1754);
#1753 = CARTESIAN_POINT('',(26.2473,28.1015,0.));
#1754 = VECTOR('',#1755,1.);
#1755 = DIRECTION('',(0.,-1.,0.));
#1756 = ORIENTED_EDGE('',*,*,#1757,.F.);
#1757 = EDGE_CURVE('',#1758,#1750,#1760,.T.);
#1758 = VERTEX_POINT('',#1759);
#1759 = CARTESIAN_POINT('',(17.2473,-69.4883,0.));
#1760 = CIRCLE('',#1761,9.);
#1761 = AXIS2_PLACEMENT_3D('',#1762,#1763,#1764);
#1762 = CARTESIAN_POINT('',(17.2473,-60.4883,0.));
#1763 = DIRECTION('',(0.,-0.,1.));
#1764 = DIRECTION('',(0.,1.,0.));
#1765 = ORIENTED_EDGE('',*,*,#1766,.T.);
#1766 = EDGE_CURVE('',#1758,#1767,#1769,.T.);
#1767 = VERTEX_POINT('',#1768);
#1768 = CARTESIAN_POINT('',(15.2473,-69.4883,0.));
#1769 = LINE('',#1770,#1771);
#1770 = CARTESIAN_POINT('',(26.2473,-69.4883,0.));
#1771 = VECTOR('',#1772,1.);
#1772 = DIRECTION('',(-1.,0.,0.));
#1773 = ORIENTED_EDGE('',*,*,#1774,.T.);
#1774 = EDGE_CURVE('',#1767,#1775,#1777,.T.);
#1775 = VERTEX_POINT('',#1776);
#1776 = CARTESIAN_POINT('',(6.2473,-60.4883,0.));
#1777 = CIRCLE('',#1778,9.);
#1778 = AXIS2_PLACEMENT_3D('',#1779,#1780,#1781);
#1779 = CARTESIAN_POINT('',(15.2473,-60.4883,0.));
#1780 = DIRECTION('',(0.,0.,-1.));
#1781 = DIRECTION('',(0.,-1.,0.));
#1782 = ORIENTED_EDGE('',*,*,#1783,.T.);
#1783 = EDGE_CURVE('',#1775,#1784,#1786,.T.);
#1784 = VERTEX_POINT('',#1785);
#1785 = CARTESIAN_POINT('',(6.2473,19.1015,0.));
#1786 = LINE('',#1787,#1788);
#1787 = CARTESIAN_POINT('',(6.2473,-69.4883,0.));
#1788 = VECTOR('',#1789,1.);
#1789 = DIRECTION('',(0.,1.,0.));
#1790 = ORIENTED_EDGE('',*,*,#1791,.F.);
#1791 = EDGE_CURVE('',#1792,#1784,#1794,.T.);
#1792 = VERTEX_POINT('',#1793);
#1793 = CARTESIAN_POINT('',(15.2473,28.1015,0.));
#1794 = CIRCLE('',#1795,9.);
#1795 = AXIS2_PLACEMENT_3D('',#1796,#1797,#1798);
#1796 = CARTESIAN_POINT('',(15.2473,19.1015,0.));
#1797 = DIRECTION('',(0.,-0.,1.));
#1798 = DIRECTION('',(0.,1.,0.));
#1799 = ORIENTED_EDGE('',*,*,#1800,.T.);
#1800 = EDGE_CURVE('',#1792,#1801,#1803,.T.);
#1801 = VERTEX_POINT('',#1802);
#1802 = CARTESIAN_POINT('',(17.2473,28.1015,0.));
#1803 = LINE('',#1804,#1805);
#1804 = CARTESIAN_POINT('',(6.2473,28.1015,0.));
#1805 = VECTOR('',#1806,1.);
#1806 = DIRECTION('',(1.,0.,0.));
#1807 = ORIENTED_EDGE('',*,*,#1808,.T.);
#1808 = EDGE_CURVE('',#1801,#1748,#1809,.T.);
#1809 = CIRCLE('',#1810,9.);
#1810 = AXIS2_PLACEMENT_3D('',#1811,#1812,#1813);
#1811 = CARTESIAN_POINT('',(17.2473,19.1015,0.));
#1812 = DIRECTION('',(0.,0.,-1.));
#1813 = DIRECTION('',(0.,-1.,0.));
#1814 = PLANE('',#1815);
#1815 = AXIS2_PLACEMENT_3D('',#1816,#1817,#1818);
#1816 = CARTESIAN_POINT('',(179.813,-20.615528365,0.));
#1817 = DIRECTION('',(0.,0.,1.));
#1818 = DIRECTION('',(1.,0.,0.));
#1819 = ADVANCED_FACE('',(#1820),#1845,.F.);
#1820 = FACE_BOUND('',#1821,.F.);
#1821 = EDGE_LOOP('',(#1822,#1832,#1838,#1839));
#1822 = ORIENTED_EDGE('',*,*,#1823,.T.);
#1823 = EDGE_CURVE('',#1824,#1826,#1828,.T.);
#1824 = VERTEX_POINT('',#1825);
#1825 = CARTESIAN_POINT('',(353.0943,18.77213,-1.));
#1826 = VERTEX_POINT('',#1827);
#1827 = CARTESIAN_POINT('',(353.0943,-60.81767,-1.));
#1828 = LINE('',#1829,#1830);
#1829 = CARTESIAN_POINT('',(353.0943,27.77213,-1.));
#1830 = VECTOR('',#1831,1.);
#1831 = DIRECTION('',(0.,-1.,0.));
#1832 = ORIENTED_EDGE('',*,*,#1833,.F.);
#1833 = EDGE_CURVE('',#1670,#1826,#1834,.T.);
#1834 = LINE('',#1835,#1836);
#1835 = CARTESIAN_POINT('',(353.0943,-60.81767,0.));
#1836 = VECTOR('',#1837,1.);
#1837 = DIRECTION('',(0.,0.,-1.));
#1838 = ORIENTED_EDGE('',*,*,#1667,.F.);
#1839 = ORIENTED_EDGE('',*,*,#1840,.F.);
#1840 = EDGE_CURVE('',#1824,#1668,#1841,.T.);
#1841 = LINE('',#1842,#1843);
#1842 = CARTESIAN_POINT('',(353.0943,18.77213,-1.));
#1843 = VECTOR('',#1844,1.);
#1844 = DIRECTION('',(0.,0.,1.));
#1845 = PLANE('',#1846);
#1846 = AXIS2_PLACEMENT_3D('',#1847,#1848,#1849);
#1847 = CARTESIAN_POINT('',(353.0943,27.77213,0.));
#1848 = DIRECTION('',(-1.,-0.,-0.));
#1849 = DIRECTION('',(0.,-1.,0.));
#1850 = ADVANCED_FACE('',(#1851),#1870,.T.);
#1851 = FACE_BOUND('',#1852,.F.);
#1852 = EDGE_LOOP('',(#1853,#1862,#1863,#1864));
#1853 = ORIENTED_EDGE('',*,*,#1854,.T.);
#1854 = EDGE_CURVE('',#1855,#1824,#1857,.T.);
#1855 = VERTEX_POINT('',#1856);
#1856 = CARTESIAN_POINT('',(344.0943,27.77213,-1.));
#1857 = CIRCLE('',#1858,9.);
#1858 = AXIS2_PLACEMENT_3D('',#1859,#1860,#1861);
#1859 = CARTESIAN_POINT('',(344.0943,18.77213,-1.));
#1860 = DIRECTION('',(-6.E-17,-0.,-1.));
#1861 = DIRECTION('',(1.,0.,-6.E-17));
#1862 = ORIENTED_EDGE('',*,*,#1840,.T.);
#1863 = ORIENTED_EDGE('',*,*,#1728,.F.);
#1864 = ORIENTED_EDGE('',*,*,#1865,.F.);
#1865 = EDGE_CURVE('',#1855,#1721,#1866,.T.);
#1866 = LINE('',#1867,#1868);
#1867 = CARTESIAN_POINT('',(344.0943,27.77213,-1.));
#1868 = VECTOR('',#1869,1.);
#1869 = DIRECTION('',(0.,0.,1.));
#1870 = CYLINDRICAL_SURFACE('',#1871,9.);
#1871 = AXIS2_PLACEMENT_3D('',#1872,#1873,#1874);
#1872 = CARTESIAN_POINT('',(344.0943,18.77213,-1.));
#1873 = DIRECTION('',(0.,0.,1.));
#1874 = DIRECTION('',(0.,1.,0.));
#1875 = ADVANCED_FACE('',(#1876),#1895,.T.);
#1876 = FACE_BOUND('',#1877,.F.);
#1877 = EDGE_LOOP('',(#1878,#1879,#1880,#1889));
#1878 = ORIENTED_EDGE('',*,*,#1677,.T.);
#1879 = ORIENTED_EDGE('',*,*,#1833,.T.);
#1880 = ORIENTED_EDGE('',*,*,#1881,.F.);
#1881 = EDGE_CURVE('',#1882,#1826,#1884,.T.);
#1882 = VERTEX_POINT('',#1883);
#1883 = CARTESIAN_POINT('',(344.0943,-69.81767,-1.));
#1884 = CIRCLE('',#1885,9.);
#1885 = AXIS2_PLACEMENT_3D('',#1886,#1887,#1888);
#1886 = CARTESIAN_POINT('',(344.0943,-60.81767,-1.));
#1887 = DIRECTION('',(-0.,0.,1.));
#1888 = DIRECTION('',(0.,-1.,0.));
#1889 = ORIENTED_EDGE('',*,*,#1890,.F.);
#1890 = EDGE_CURVE('',#1678,#1882,#1891,.T.);
#1891 = LINE('',#1892,#1893);
#1892 = CARTESIAN_POINT('',(344.0943,-69.81767,0.));
#1893 = VECTOR('',#1894,1.);
#1894 = DIRECTION('',(0.,0.,-1.));
#1895 = CYLINDRICAL_SURFACE('',#1896,9.);
#1896 = AXIS2_PLACEMENT_3D('',#1897,#1898,#1899);
#1897 = CARTESIAN_POINT('',(344.0943,-60.81767,0.));
#1898 = DIRECTION('',(0.,0.,-1.));
#1899 = DIRECTION('',(0.,-1.,0.));
#1900 = ADVANCED_FACE('',(#1901),#1919,.F.);
#1901 = FACE_BOUND('',#1902,.F.);
#1902 = EDGE_LOOP('',(#1903,#1904,#1912,#1918));
#1903 = ORIENTED_EDGE('',*,*,#1720,.F.);
#1904 = ORIENTED_EDGE('',*,*,#1905,.T.);
#1905 = EDGE_CURVE('',#1712,#1906,#1908,.T.);
#1906 = VERTEX_POINT('',#1907);
#1907 = CARTESIAN_POINT('',(342.0943,27.77213,-1.));
#1908 = LINE('',#1909,#1910);
#1909 = CARTESIAN_POINT('',(342.0943,27.77213,0.));
#1910 = VECTOR('',#1911,1.);
#1911 = DIRECTION('',(0.,0.,-1.));
#1912 = ORIENTED_EDGE('',*,*,#1913,.T.);
#1913 = EDGE_CURVE('',#1906,#1855,#1914,.T.);
#1914 = LINE('',#1915,#1916);
#1915 = CARTESIAN_POINT('',(342.0943,27.77213,-1.));
#1916 = VECTOR('',#1917,1.);
#1917 = DIRECTION('',(1.,0.,0.));
#1918 = ORIENTED_EDGE('',*,*,#1865,.T.);
#1919 = PLANE('',#1920);
#1920 = AXIS2_PLACEMENT_3D('',#1921,#1922,#1923);
#1921 = CARTESIAN_POINT('',(333.0943,27.77213,0.));
#1922 = DIRECTION('',(0.,-1.,0.));
#1923 = DIRECTION('',(1.,0.,0.));
#1924 = ADVANCED_FACE('',(#1925),#1943,.F.);
#1925 = FACE_BOUND('',#1926,.F.);
#1926 = EDGE_LOOP('',(#1927,#1928,#1929,#1937));
#1927 = ORIENTED_EDGE('',*,*,#1686,.F.);
#1928 = ORIENTED_EDGE('',*,*,#1890,.T.);
#1929 = ORIENTED_EDGE('',*,*,#1930,.T.);
#1930 = EDGE_CURVE('',#1882,#1931,#1933,.T.);
#1931 = VERTEX_POINT('',#1932);
#1932 = CARTESIAN_POINT('',(342.0943,-69.81767,-1.));
#1933 = LINE('',#1934,#1935);
#1934 = CARTESIAN_POINT('',(344.0943,-69.81767,-1.));
#1935 = VECTOR('',#1936,1.);
#1936 = DIRECTION('',(-1.,0.,0.));
#1937 = ORIENTED_EDGE('',*,*,#1938,.T.);
#1938 = EDGE_CURVE('',#1931,#1687,#1939,.T.);
#1939 = LINE('',#1940,#1941);
#1940 = CARTESIAN_POINT('',(342.0943,-69.81767,-1.));
#1941 = VECTOR('',#1942,1.);
#1942 = DIRECTION('',(0.,0.,1.));
#1943 = PLANE('',#1944);
#1944 = AXIS2_PLACEMENT_3D('',#1945,#1946,#1947);
#1945 = CARTESIAN_POINT('',(353.0943,-69.81767,0.));
#1946 = DIRECTION('',(0.,1.,0.));
#1947 = DIRECTION('',(-1.,0.,0.));
#1948 = ADVANCED_FACE('',(#1949),#1968,.T.);
#1949 = FACE_BOUND('',#1950,.F.);
#1950 = EDGE_LOOP('',(#1951,#1952,#1960,#1967));
#1951 = ORIENTED_EDGE('',*,*,#1711,.T.);
#1952 = ORIENTED_EDGE('',*,*,#1953,.T.);
#1953 = EDGE_CURVE('',#1704,#1954,#1956,.T.);
#1954 = VERTEX_POINT('',#1955);
#1955 = CARTESIAN_POINT('',(333.0943,18.77213,-1.));
#1956 = LINE('',#1957,#1958);
#1957 = CARTESIAN_POINT('',(333.0943,18.77213,0.));
#1958 = VECTOR('',#1959,1.);
#1959 = DIRECTION('',(0.,0.,-1.));
#1960 = ORIENTED_EDGE('',*,*,#1961,.F.);
#1961 = EDGE_CURVE('',#1906,#1954,#1962,.T.);
#1962 = CIRCLE('',#1963,9.);
#1963 = AXIS2_PLACEMENT_3D('',#1964,#1965,#1966);
#1964 = CARTESIAN_POINT('',(342.0943,18.77213,-1.));
#1965 = DIRECTION('',(0.,-0.,1.));
#1966 = DIRECTION('',(0.,1.,0.));
#1967 = ORIENTED_EDGE('',*,*,#1905,.F.);
#1968 = CYLINDRICAL_SURFACE('',#1969,9.);
#1969 = AXIS2_PLACEMENT_3D('',#1970,#1971,#1972);
#1970 = CARTESIAN_POINT('',(342.0943,18.77213,0.));
#1971 = DIRECTION('',(0.,0.,-1.));
#1972 = DIRECTION('',(0.,1.,0.));
#1973 = ADVANCED_FACE('',(#1974),#1993,.T.);
#1974 = FACE_BOUND('',#1975,.F.);
#1975 = EDGE_LOOP('',(#1976,#1985,#1991,#1992));
#1976 = ORIENTED_EDGE('',*,*,#1977,.T.);
#1977 = EDGE_CURVE('',#1931,#1978,#1980,.T.);
#1978 = VERTEX_POINT('',#1979);
#1979 = CARTESIAN_POINT('',(333.0943,-60.81767,-1.));
#1980 = CIRCLE('',#1981,9.);
#1981 = AXIS2_PLACEMENT_3D('',#1982,#1983,#1984);
#1982 = CARTESIAN_POINT('',(342.0943,-60.81767,-1.));
#1983 = DIRECTION('',(6.E-17,0.,-1.));
#1984 = DIRECTION('',(-1.,0.,-6.E-17));
#1985 = ORIENTED_EDGE('',*,*,#1986,.T.);
#1986 = EDGE_CURVE('',#1978,#1695,#1987,.T.);
#1987 = LINE('',#1988,#1989);
#1988 = CARTESIAN_POINT('',(333.0943,-60.81767,-1.));
#1989 = VECTOR('',#1990,1.);
#1990 = DIRECTION('',(0.,0.,1.));
#1991 = ORIENTED_EDGE('',*,*,#1694,.F.);
#1992 = ORIENTED_EDGE('',*,*,#1938,.F.);
#1993 = CYLINDRICAL_SURFACE('',#1994,9.);
#1994 = AXIS2_PLACEMENT_3D('',#1995,#1996,#1997);
#1995 = CARTESIAN_POINT('',(342.0943,-60.81767,-1.));
#1996 = DIRECTION('',(0.,0.,1.));
#1997 = DIRECTION('',(0.,-1.,0.));
#1998 = ADVANCED_FACE('',(#1999),#2010,.F.);
#1999 = FACE_BOUND('',#2000,.F.);
#2000 = EDGE_LOOP('',(#2001,#2007,#2008,#2009));
#2001 = ORIENTED_EDGE('',*,*,#2002,.T.);
#2002 = EDGE_CURVE('',#1978,#1954,#2003,.T.);
#2003 = LINE('',#2004,#2005);
#2004 = CARTESIAN_POINT('',(333.0943,-69.81767,-1.));
#2005 = VECTOR('',#2006,1.);
#2006 = DIRECTION('',(0.,1.,0.));
#2007 = ORIENTED_EDGE('',*,*,#1953,.F.);
#2008 = ORIENTED_EDGE('',*,*,#1703,.F.);
#2009 = ORIENTED_EDGE('',*,*,#1986,.F.);
#2010 = PLANE('',#2011);
#2011 = AXIS2_PLACEMENT_3D('',#2012,#2013,#2014);
#2012 = CARTESIAN_POINT('',(333.0943,-69.81767,0.));
#2013 = DIRECTION('',(1.,0.,0.));
#2014 = DIRECTION('',(0.,1.,0.));
#2015 = ADVANCED_FACE('',(#2016),#2041,.F.);
#2016 = FACE_BOUND('',#2017,.F.);
#2017 = EDGE_LOOP('',(#2018,#2028,#2034,#2035));
#2018 = ORIENTED_EDGE('',*,*,#2019,.T.);
#2019 = EDGE_CURVE('',#2020,#2022,#2024,.T.);
#2020 = VERTEX_POINT('',#2021);
#2021 = CARTESIAN_POINT('',(26.2473,19.1015,-1.));
#2022 = VERTEX_POINT('',#2023);
#2023 = CARTESIAN_POINT('',(26.2473,-60.4883,-1.));
#2024 = LINE('',#2025,#2026);
#2025 = CARTESIAN_POINT('',(26.2473,28.1015,-1.));
#2026 = VECTOR('',#2027,1.);
#2027 = DIRECTION('',(0.,-1.,0.));
#2028 = ORIENTED_EDGE('',*,*,#2029,.F.);
#2029 = EDGE_CURVE('',#1750,#2022,#2030,.T.);
#2030 = LINE('',#2031,#2032);
#2031 = CARTESIAN_POINT('',(26.2473,-60.4883,0.));
#2032 = VECTOR('',#2033,1.);
#2033 = DIRECTION('',(0.,0.,-1.));
#2034 = ORIENTED_EDGE('',*,*,#1747,.F.);
#2035 = ORIENTED_EDGE('',*,*,#2036,.F.);
#2036 = EDGE_CURVE('',#2020,#1748,#2037,.T.);
#2037 = LINE('',#2038,#2039);
#2038 = CARTESIAN_POINT('',(26.2473,19.1015,-1.));
#2039 = VECTOR('',#2040,1.);
#2040 = DIRECTION('',(0.,0.,1.));
#2041 = PLANE('',#2042);
#2042 = AXIS2_PLACEMENT_3D('',#2043,#2044,#2045);
#2043 = CARTESIAN_POINT('',(26.2473,28.1015,0.));
#2044 = DIRECTION('',(-1.,-0.,-0.));
#2045 = DIRECTION('',(0.,-1.,0.));
#2046 = ADVANCED_FACE('',(#2047),#2066,.T.);
#2047 = FACE_BOUND('',#2048,.F.);
#2048 = EDGE_LOOP('',(#2049,#2058,#2059,#2060));
#2049 = ORIENTED_EDGE('',*,*,#2050,.T.);
#2050 = EDGE_CURVE('',#2051,#2020,#2053,.T.);
#2051 = VERTEX_POINT('',#2052);
#2052 = CARTESIAN_POINT('',(17.2473,28.1015,-1.));
#2053 = CIRCLE('',#2054,9.);
#2054 = AXIS2_PLACEMENT_3D('',#2055,#2056,#2057);
#2055 = CARTESIAN_POINT('',(17.2473,19.1015,-1.));
#2056 = DIRECTION('',(-1.1E-16,-0.,-1.));
#2057 = DIRECTION('',(1.,0.,-1.1E-16));
#2058 = ORIENTED_EDGE('',*,*,#2036,.T.);
#2059 = ORIENTED_EDGE('',*,*,#1808,.F.);
#2060 = ORIENTED_EDGE('',*,*,#2061,.F.);
#2061 = EDGE_CURVE('',#2051,#1801,#2062,.T.);
#2062 = LINE('',#2063,#2064);
#2063 = CARTESIAN_POINT('',(17.2473,28.1015,-1.));
#2064 = VECTOR('',#2065,1.);
#2065 = DIRECTION('',(0.,0.,1.));
#2066 = CYLINDRICAL_SURFACE('',#2067,9.);
#2067 = AXIS2_PLACEMENT_3D('',#2068,#2069,#2070);
#2068 = CARTESIAN_POINT('',(17.2473,19.1015,-1.));
#2069 = DIRECTION('',(0.,0.,1.));
#2070 = DIRECTION('',(0.,1.,0.));
#2071 = ADVANCED_FACE('',(#2072),#2091,.T.);
#2072 = FACE_BOUND('',#2073,.F.);
#2073 = EDGE_LOOP('',(#2074,#2075,#2076,#2085));
#2074 = ORIENTED_EDGE('',*,*,#1757,.T.);
#2075 = ORIENTED_EDGE('',*,*,#2029,.T.);
#2076 = ORIENTED_EDGE('',*,*,#2077,.F.);
#2077 = EDGE_CURVE('',#2078,#2022,#2080,.T.);
#2078 = VERTEX_POINT('',#2079);
#2079 = CARTESIAN_POINT('',(17.2473,-69.4883,-1.));
#2080 = CIRCLE('',#2081,9.);
#2081 = AXIS2_PLACEMENT_3D('',#2082,#2083,#2084);
#2082 = CARTESIAN_POINT('',(17.2473,-60.4883,-1.));
#2083 = DIRECTION('',(-0.,0.,1.));
#2084 = DIRECTION('',(0.,-1.,0.));
#2085 = ORIENTED_EDGE('',*,*,#2086,.F.);
#2086 = EDGE_CURVE('',#1758,#2078,#2087,.T.);
#2087 = LINE('',#2088,#2089);
#2088 = CARTESIAN_POINT('',(17.2473,-69.4883,0.));
#2089 = VECTOR('',#2090,1.);
#2090 = DIRECTION('',(0.,0.,-1.));
#2091 = CYLINDRICAL_SURFACE('',#2092,9.);
#2092 = AXIS2_PLACEMENT_3D('',#2093,#2094,#2095);
#2093 = CARTESIAN_POINT('',(17.2473,-60.4883,0.));
#2094 = DIRECTION('',(0.,0.,-1.));
#2095 = DIRECTION('',(0.,-1.,0.));
#2096 = ADVANCED_FACE('',(#2097),#2115,.F.);
#2097 = FACE_BOUND('',#2098,.F.);
#2098 = EDGE_LOOP('',(#2099,#2100,#2108,#2114));
#2099 = ORIENTED_EDGE('',*,*,#1800,.F.);
#2100 = ORIENTED_EDGE('',*,*,#2101,.T.);
#2101 = EDGE_CURVE('',#1792,#2102,#2104,.T.);
#2102 = VERTEX_POINT('',#2103);
#2103 = CARTESIAN_POINT('',(15.2473,28.1015,-1.));
#2104 = LINE('',#2105,#2106);
#2105 = CARTESIAN_POINT('',(15.2473,28.1015,0.));
#2106 = VECTOR('',#2107,1.);
#2107 = DIRECTION('',(0.,0.,-1.));
#2108 = ORIENTED_EDGE('',*,*,#2109,.T.);
#2109 = EDGE_CURVE('',#2102,#2051,#2110,.T.);
#2110 = LINE('',#2111,#2112);
#2111 = CARTESIAN_POINT('',(15.2473,28.1015,-1.));
#2112 = VECTOR('',#2113,1.);
#2113 = DIRECTION('',(1.,0.,0.));
#2114 = ORIENTED_EDGE('',*,*,#2061,.T.);
#2115 = PLANE('',#2116);
#2116 = AXIS2_PLACEMENT_3D('',#2117,#2118,#2119);
#2117 = CARTESIAN_POINT('',(6.2473,28.1015,0.));
#2118 = DIRECTION('',(0.,-1.,0.));
#2119 = DIRECTION('',(1.,0.,0.));
#2120 = ADVANCED_FACE('',(#2121),#2139,.F.);
#2121 = FACE_BOUND('',#2122,.F.);
#2122 = EDGE_LOOP('',(#2123,#2124,#2125,#2133));
#2123 = ORIENTED_EDGE('',*,*,#1766,.F.);
#2124 = ORIENTED_EDGE('',*,*,#2086,.T.);
#2125 = ORIENTED_EDGE('',*,*,#2126,.T.);
#2126 = EDGE_CURVE('',#2078,#2127,#2129,.T.);
#2127 = VERTEX_POINT('',#2128);
#2128 = CARTESIAN_POINT('',(15.2473,-69.4883,-1.));
#2129 = LINE('',#2130,#2131);
#2130 = CARTESIAN_POINT('',(17.2473,-69.4883,-1.));
#2131 = VECTOR('',#2132,1.);
#2132 = DIRECTION('',(-1.,0.,0.));
#2133 = ORIENTED_EDGE('',*,*,#2134,.T.);
#2134 = EDGE_CURVE('',#2127,#1767,#2135,.T.);
#2135 = LINE('',#2136,#2137);
#2136 = CARTESIAN_POINT('',(15.2473,-69.4883,-1.));
#2137 = VECTOR('',#2138,1.);
#2138 = DIRECTION('',(0.,0.,1.));
#2139 = PLANE('',#2140);
#2140 = AXIS2_PLACEMENT_3D('',#2141,#2142,#2143);
#2141 = CARTESIAN_POINT('',(26.2473,-69.4883,0.));
#2142 = DIRECTION('',(0.,1.,0.));
#2143 = DIRECTION('',(-1.,0.,0.));
#2144 = ADVANCED_FACE('',(#2145),#2164,.T.);
#2145 = FACE_BOUND('',#2146,.F.);
#2146 = EDGE_LOOP('',(#2147,#2148,#2156,#2163));
#2147 = ORIENTED_EDGE('',*,*,#1791,.T.);
#2148 = ORIENTED_EDGE('',*,*,#2149,.T.);
#2149 = EDGE_CURVE('',#1784,#2150,#2152,.T.);
#2150 = VERTEX_POINT('',#2151);
#2151 = CARTESIAN_POINT('',(6.2473,19.1015,-1.));
#2152 = LINE('',#2153,#2154);
#2153 = CARTESIAN_POINT('',(6.2473,19.1015,0.));
#2154 = VECTOR('',#2155,1.);
#2155 = DIRECTION('',(0.,0.,-1.));
#2156 = ORIENTED_EDGE('',*,*,#2157,.F.);
#2157 = EDGE_CURVE('',#2102,#2150,#2158,.T.);
#2158 = CIRCLE('',#2159,9.);
#2159 = AXIS2_PLACEMENT_3D('',#2160,#2161,#2162);
#2160 = CARTESIAN_POINT('',(15.2473,19.1015,-1.));
#2161 = DIRECTION('',(0.,-0.,1.));
#2162 = DIRECTION('',(0.,1.,0.));
#2163 = ORIENTED_EDGE('',*,*,#2101,.F.);
#2164 = CYLINDRICAL_SURFACE('',#2165,9.);
#2165 = AXIS2_PLACEMENT_3D('',#2166,#2167,#2168);
#2166 = CARTESIAN_POINT('',(15.2473,19.1015,0.));
#2167 = DIRECTION('',(0.,0.,-1.));
#2168 = DIRECTION('',(0.,1.,0.));
#2169 = ADVANCED_FACE('',(#2170),#2189,.T.);
#2170 = FACE_BOUND('',#2171,.F.);
#2171 = EDGE_LOOP('',(#2172,#2181,#2187,#2188));
#2172 = ORIENTED_EDGE('',*,*,#2173,.T.);
#2173 = EDGE_CURVE('',#2127,#2174,#2176,.T.);
#2174 = VERTEX_POINT('',#2175);
#2175 = CARTESIAN_POINT('',(6.2473,-60.4883,-1.));
#2176 = CIRCLE('',#2177,9.);
#2177 = AXIS2_PLACEMENT_3D('',#2178,#2179,#2180);
#2178 = CARTESIAN_POINT('',(15.2473,-60.4883,-1.));
#2179 = DIRECTION('',(9.E-17,0.,-1.));
#2180 = DIRECTION('',(-1.,0.,-9.E-17));
#2181 = ORIENTED_EDGE('',*,*,#2182,.T.);
#2182 = EDGE_CURVE('',#2174,#1775,#2183,.T.);
#2183 = LINE('',#2184,#2185);
#2184 = CARTESIAN_POINT('',(6.2473,-60.4883,-1.));
#2185 = VECTOR('',#2186,1.);
#2186 = DIRECTION('',(0.,0.,1.));
#2187 = ORIENTED_EDGE('',*,*,#1774,.F.);
#2188 = ORIENTED_EDGE('',*,*,#2134,.F.);
#2189 = CYLINDRICAL_SURFACE('',#2190,9.);
#2190 = AXIS2_PLACEMENT_3D('',#2191,#2192,#2193);
#2191 = CARTESIAN_POINT('',(15.2473,-60.4883,-1.));
#2192 = DIRECTION('',(0.,0.,1.));
#2193 = DIRECTION('',(0.,-1.,0.));
#2194 = ADVANCED_FACE('',(#2195),#2206,.F.);
#2195 = FACE_BOUND('',#2196,.F.);
#2196 = EDGE_LOOP('',(#2197,#2203,#2204,#2205));
#2197 = ORIENTED_EDGE('',*,*,#2198,.T.);
#2198 = EDGE_CURVE('',#2174,#2150,#2199,.T.);
#2199 = LINE('',#2200,#2201);
#2200 = CARTESIAN_POINT('',(6.2473,-69.4883,-1.));
#2201 = VECTOR('',#2202,1.);
#2202 = DIRECTION('',(0.,1.,0.));
#2203 = ORIENTED_EDGE('',*,*,#2149,.F.);
#2204 = ORIENTED_EDGE('',*,*,#1783,.F.);
#2205 = ORIENTED_EDGE('',*,*,#2182,.F.);
#2206 = PLANE('',#2207);
#2207 = AXIS2_PLACEMENT_3D('',#2208,#2209,#2210);
#2208 = CARTESIAN_POINT('',(6.2473,-69.4883,0.));
#2209 = DIRECTION('',(1.,0.,0.));
#2210 = DIRECTION('',(0.,1.,0.));
#2211 = ADVANCED_FACE('',(#2212),#2239,.T.);
#2212 = FACE_BOUND('',#2213,.F.);
#2213 = EDGE_LOOP('',(#2214,#2215,#2224,#2232));
#2214 = ORIENTED_EDGE('',*,*,#1823,.F.);
#2215 = ORIENTED_EDGE('',*,*,#2216,.F.);
#2216 = EDGE_CURVE('',#2217,#1824,#2219,.T.);
#2217 = VERTEX_POINT('',#2218);
#2218 = CARTESIAN_POINT('',(344.0943,18.77213,-10.));
#2219 = CIRCLE('',#2220,9.);
#2220 = AXIS2_PLACEMENT_3D('',#2221,#2222,#2223);
#2221 = CARTESIAN_POINT('',(344.0943,18.77213,-1.));
#2222 = DIRECTION('',(0.,-1.,0.));
#2223 = DIRECTION('',(0.,0.,-1.));
#2224 = ORIENTED_EDGE('',*,*,#2225,.T.);
#2225 = EDGE_CURVE('',#2217,#2226,#2228,.T.);
#2226 = VERTEX_POINT('',#2227);
#2227 = CARTESIAN_POINT('',(344.0943,-60.81767,-10.));
#2228 = LINE('',#2229,#2230);
#2229 = CARTESIAN_POINT('',(344.0943,27.77213,-10.));
#2230 = VECTOR('',#2231,1.);
#2231 = DIRECTION('',(0.,-1.,0.));
#2232 = ORIENTED_EDGE('',*,*,#2233,.F.);
#2233 = EDGE_CURVE('',#1826,#2226,#2234,.T.);
#2234 = CIRCLE('',#2235,9.);
#2235 = AXIS2_PLACEMENT_3D('',#2236,#2237,#2238);
#2236 = CARTESIAN_POINT('',(344.0943,-60.81767,-1.));
#2237 = DIRECTION('',(-0.,1.,0.));
#2238 = DIRECTION('',(1.,0.,0.));
#2239 = CYLINDRICAL_SURFACE('',#2240,9.);
#2240 = AXIS2_PLACEMENT_3D('',#2241,#2242,#2243);
#2241 = CARTESIAN_POINT('',(344.0943,27.77213,-1.));
#2242 = DIRECTION('',(0.,-1.,0.));
#2243 = DIRECTION('',(1.,0.,0.));
#2244 = ADVANCED_FACE('',(#2245),#2256,.T.);
#2245 = FACE_BOUND('',#2246,.T.);
#2246 = EDGE_LOOP('',(#2247,#2254,#2255));
#2247 = ORIENTED_EDGE('',*,*,#2248,.F.);
#2248 = EDGE_CURVE('',#1855,#2217,#2249,.T.);
#2249 = CIRCLE('',#2250,9.);
#2250 = AXIS2_PLACEMENT_3D('',#2251,#2252,#2253);
#2251 = CARTESIAN_POINT('',(344.0943,18.77213,-1.));
#2252 = DIRECTION('',(-1.,0.,0.));
#2253 = DIRECTION('',(0.,1.,0.));
#2254 = ORIENTED_EDGE('',*,*,#1854,.T.);
#2255 = ORIENTED_EDGE('',*,*,#2216,.F.);
#2256 = SPHERICAL_SURFACE('',#2257,9.);
#2257 = AXIS2_PLACEMENT_3D('',#2258,#2259,#2260);
#2258 = CARTESIAN_POINT('',(344.0943,18.77213,-1.));
#2259 = DIRECTION('',(0.,-1.,0.));
#2260 = DIRECTION('',(0.,0.,-1.));
#2261 = ADVANCED_FACE('',(#2262),#2273,.T.);
#2262 = FACE_BOUND('',#2263,.T.);
#2263 = EDGE_LOOP('',(#2264,#2265,#2272));
#2264 = ORIENTED_EDGE('',*,*,#1881,.F.);
#2265 = ORIENTED_EDGE('',*,*,#2266,.T.);
#2266 = EDGE_CURVE('',#1882,#2226,#2267,.T.);
#2267 = CIRCLE('',#2268,9.);
#2268 = AXIS2_PLACEMENT_3D('',#2269,#2270,#2271);
#2269 = CARTESIAN_POINT('',(344.0943,-60.81767,-1.));
#2270 = DIRECTION('',(1.,-0.,6.E-17));
#2271 = DIRECTION('',(6.E-17,0.,-1.));
#2272 = ORIENTED_EDGE('',*,*,#2233,.F.);
#2273 = SPHERICAL_SURFACE('',#2274,9.);
#2274 = AXIS2_PLACEMENT_3D('',#2275,#2276,#2277);
#2275 = CARTESIAN_POINT('',(344.0943,-60.81767,-1.));
#2276 = DIRECTION('',(0.,1.,0.));
#2277 = DIRECTION('',(1.,0.,0.));
#2278 = ADVANCED_FACE('',(#2279),#2298,.T.);
#2279 = FACE_BOUND('',#2280,.F.);
#2280 = EDGE_LOOP('',(#2281,#2290,#2296,#2297));
#2281 = ORIENTED_EDGE('',*,*,#2282,.T.);
#2282 = EDGE_CURVE('',#1906,#2283,#2285,.T.);
#2283 = VERTEX_POINT('',#2284);
#2284 = CARTESIAN_POINT('',(342.0943,18.77213,-10.));
#2285 = CIRCLE('',#2286,9.);
#2286 = AXIS2_PLACEMENT_3D('',#2287,#2288,#2289);
#2287 = CARTESIAN_POINT('',(342.0943,18.77213,-1.));
#2288 = DIRECTION('',(-1.,0.,1.1E-16));
#2289 = DIRECTION('',(-1.1E-16,0.,-1.));
#2290 = ORIENTED_EDGE('',*,*,#2291,.T.);
#2291 = EDGE_CURVE('',#2283,#2217,#2292,.T.);
#2292 = LINE('',#2293,#2294);
#2293 = CARTESIAN_POINT('',(342.0943,18.77213,-10.));
#2294 = VECTOR('',#2295,1.);
#2295 = DIRECTION('',(1.,0.,0.));
#2296 = ORIENTED_EDGE('',*,*,#2248,.F.);
#2297 = ORIENTED_EDGE('',*,*,#1913,.F.);
#2298 = CYLINDRICAL_SURFACE('',#2299,9.);
#2299 = AXIS2_PLACEMENT_3D('',#2300,#2301,#2302);
#2300 = CARTESIAN_POINT('',(342.0943,18.77213,-1.));
#2301 = DIRECTION('',(1.,0.,0.));
#2302 = DIRECTION('',(0.,1.,0.));
#2303 = ADVANCED_FACE('',(#2304),#2323,.T.);
#2304 = FACE_BOUND('',#2305,.F.);
#2305 = EDGE_LOOP('',(#2306,#2307,#2315,#2322));
#2306 = ORIENTED_EDGE('',*,*,#2266,.T.);
#2307 = ORIENTED_EDGE('',*,*,#2308,.T.);
#2308 = EDGE_CURVE('',#2226,#2309,#2311,.T.);
#2309 = VERTEX_POINT('',#2310);
#2310 = CARTESIAN_POINT('',(342.0943,-60.81767,-10.));
#2311 = LINE('',#2312,#2313);
#2312 = CARTESIAN_POINT('',(344.0943,-60.81767,-10.));
#2313 = VECTOR('',#2314,1.);
#2314 = DIRECTION('',(-1.,0.,0.));
#2315 = ORIENTED_EDGE('',*,*,#2316,.F.);
#2316 = EDGE_CURVE('',#1931,#2309,#2317,.T.);
#2317 = CIRCLE('',#2318,9.);
#2318 = AXIS2_PLACEMENT_3D('',#2319,#2320,#2321);
#2319 = CARTESIAN_POINT('',(342.0943,-60.81767,-1.));
#2320 = DIRECTION('',(1.,0.,0.));
#2321 = DIRECTION('',(0.,-1.,0.));
#2322 = ORIENTED_EDGE('',*,*,#1930,.F.);
#2323 = CYLINDRICAL_SURFACE('',#2324,9.);
#2324 = AXIS2_PLACEMENT_3D('',#2325,#2326,#2327);
#2325 = CARTESIAN_POINT('',(344.0943,-60.81767,-1.));
#2326 = DIRECTION('',(-1.,0.,0.));
#2327 = DIRECTION('',(0.,-1.,0.));
#2328 = ADVANCED_FACE('',(#2329),#2340,.T.);
#2329 = FACE_BOUND('',#2330,.T.);
#2330 = EDGE_LOOP('',(#2331,#2332,#2333));
#2331 = ORIENTED_EDGE('',*,*,#1961,.F.);
#2332 = ORIENTED_EDGE('',*,*,#2282,.T.);
#2333 = ORIENTED_EDGE('',*,*,#2334,.F.);
#2334 = EDGE_CURVE('',#1954,#2283,#2335,.T.);
#2335 = CIRCLE('',#2336,9.);
#2336 = AXIS2_PLACEMENT_3D('',#2337,#2338,#2339);
#2337 = CARTESIAN_POINT('',(342.0943,18.77213,-1.));
#2338 = DIRECTION('',(0.,-1.,0.));
#2339 = DIRECTION('',(-1.,0.,5.E-17));
#2340 = SPHERICAL_SURFACE('',#2341,9.);
#2341 = AXIS2_PLACEMENT_3D('',#2342,#2343,#2344);
#2342 = CARTESIAN_POINT('',(342.0943,18.77213,-1.));
#2343 = DIRECTION('',(0.,-1.,0.));
#2344 = DIRECTION('',(-1.,0.,5.E-17));
#2345 = ADVANCED_FACE('',(#2346),#2357,.T.);
#2346 = FACE_BOUND('',#2347,.T.);
#2347 = EDGE_LOOP('',(#2348,#2349,#2350));
#2348 = ORIENTED_EDGE('',*,*,#2316,.F.);
#2349 = ORIENTED_EDGE('',*,*,#1977,.T.);
#2350 = ORIENTED_EDGE('',*,*,#2351,.F.);
#2351 = EDGE_CURVE('',#2309,#1978,#2352,.T.);
#2352 = CIRCLE('',#2353,9.);
#2353 = AXIS2_PLACEMENT_3D('',#2354,#2355,#2356);
#2354 = CARTESIAN_POINT('',(342.0943,-60.81767,-1.));
#2355 = DIRECTION('',(0.,1.,0.));
#2356 = DIRECTION('',(0.,0.,-1.));
#2357 = SPHERICAL_SURFACE('',#2358,9.);
#2358 = AXIS2_PLACEMENT_3D('',#2359,#2360,#2361);
#2359 = CARTESIAN_POINT('',(342.0943,-60.81767,-1.));
#2360 = DIRECTION('',(0.,1.,0.));
#2361 = DIRECTION('',(0.,0.,-1.));
#2362 = ADVANCED_FACE('',(#2363),#2374,.T.);
#2363 = FACE_BOUND('',#2364,.F.);
#2364 = EDGE_LOOP('',(#2365,#2366,#2367,#2373));
#2365 = ORIENTED_EDGE('',*,*,#2002,.F.);
#2366 = ORIENTED_EDGE('',*,*,#2351,.F.);
#2367 = ORIENTED_EDGE('',*,*,#2368,.T.);
#2368 = EDGE_CURVE('',#2309,#2283,#2369,.T.);
#2369 = LINE('',#2370,#2371);
#2370 = CARTESIAN_POINT('',(342.0943,-69.81767,-10.));
#2371 = VECTOR('',#2372,1.);
#2372 = DIRECTION('',(0.,1.,0.));
#2373 = ORIENTED_EDGE('',*,*,#2334,.F.);
#2374 = CYLINDRICAL_SURFACE('',#2375,9.);
#2375 = AXIS2_PLACEMENT_3D('',#2376,#2377,#2378);
#2376 = CARTESIAN_POINT('',(342.0943,-69.81767,-1.));
#2377 = DIRECTION('',(0.,1.,0.));
#2378 = DIRECTION('',(-1.,0.,0.));
#2379 = ADVANCED_FACE('',(#2380),#2407,.T.);
#2380 = FACE_BOUND('',#2381,.F.);
#2381 = EDGE_LOOP('',(#2382,#2383,#2392,#2400));
#2382 = ORIENTED_EDGE('',*,*,#2019,.F.);
#2383 = ORIENTED_EDGE('',*,*,#2384,.F.);
#2384 = EDGE_CURVE('',#2385,#2020,#2387,.T.);
#2385 = VERTEX_POINT('',#2386);
#2386 = CARTESIAN_POINT('',(17.2473,19.1015,-10.));
#2387 = CIRCLE('',#2388,9.);
#2388 = AXIS2_PLACEMENT_3D('',#2389,#2390,#2391);
#2389 = CARTESIAN_POINT('',(17.2473,19.1015,-1.));
#2390 = DIRECTION('',(0.,-1.,0.));
#2391 = DIRECTION('',(3.9E-16,0.,-1.));
#2392 = ORIENTED_EDGE('',*,*,#2393,.T.);
#2393 = EDGE_CURVE('',#2385,#2394,#2396,.T.);
#2394 = VERTEX_POINT('',#2395);
#2395 = CARTESIAN_POINT('',(17.2473,-60.4883,-10.));
#2396 = LINE('',#2397,#2398);
#2397 = CARTESIAN_POINT('',(17.2473,28.1015,-10.));
#2398 = VECTOR('',#2399,1.);
#2399 = DIRECTION('',(0.,-1.,0.));
#2400 = ORIENTED_EDGE('',*,*,#2401,.F.);
#2401 = EDGE_CURVE('',#2022,#2394,#2402,.T.);
#2402 = CIRCLE('',#2403,9.);
#2403 = AXIS2_PLACEMENT_3D('',#2404,#2405,#2406);
#2404 = CARTESIAN_POINT('',(17.2473,-60.4883,-1.));
#2405 = DIRECTION('',(-0.,1.,0.));
#2406 = DIRECTION('',(1.,0.,0.));
#2407 = CYLINDRICAL_SURFACE('',#2408,9.);
#2408 = AXIS2_PLACEMENT_3D('',#2409,#2410,#2411);
#2409 = CARTESIAN_POINT('',(17.2473,28.1015,-1.));
#2410 = DIRECTION('',(0.,-1.,0.));
#2411 = DIRECTION('',(1.,0.,0.));
#2412 = ADVANCED_FACE('',(#2413),#2424,.T.);
#2413 = FACE_BOUND('',#2414,.T.);
#2414 = EDGE_LOOP('',(#2415,#2422,#2423));
#2415 = ORIENTED_EDGE('',*,*,#2416,.F.);
#2416 = EDGE_CURVE('',#2051,#2385,#2417,.T.);
#2417 = CIRCLE('',#2418,9.);
#2418 = AXIS2_PLACEMENT_3D('',#2419,#2420,#2421);
#2419 = CARTESIAN_POINT('',(17.2473,19.1015,-1.));
#2420 = DIRECTION('',(-1.,0.,0.));
#2421 = DIRECTION('',(0.,1.,0.));
#2422 = ORIENTED_EDGE('',*,*,#2050,.T.);
#2423 = ORIENTED_EDGE('',*,*,#2384,.F.);
#2424 = SPHERICAL_SURFACE('',#2425,9.);
#2425 = AXIS2_PLACEMENT_3D('',#2426,#2427,#2428);
#2426 = CARTESIAN_POINT('',(17.2473,19.1015,-1.));
#2427 = DIRECTION('',(0.,-1.,0.));
#2428 = DIRECTION('',(3.9E-16,0.,-1.));
#2429 = ADVANCED_FACE('',(#2430),#2441,.T.);
#2430 = FACE_BOUND('',#2431,.T.);
#2431 = EDGE_LOOP('',(#2432,#2433,#2440));
#2432 = ORIENTED_EDGE('',*,*,#2077,.F.);
#2433 = ORIENTED_EDGE('',*,*,#2434,.T.);
#2434 = EDGE_CURVE('',#2078,#2394,#2435,.T.);
#2435 = CIRCLE('',#2436,9.);
#2436 = AXIS2_PLACEMENT_3D('',#2437,#2438,#2439);
#2437 = CARTESIAN_POINT('',(17.2473,-60.4883,-1.));
#2438 = DIRECTION('',(1.,-0.,6.E-17));
#2439 = DIRECTION('',(6.E-17,0.,-1.));
#2440 = ORIENTED_EDGE('',*,*,#2401,.F.);
#2441 = SPHERICAL_SURFACE('',#2442,9.);
#2442 = AXIS2_PLACEMENT_3D('',#2443,#2444,#2445);
#2443 = CARTESIAN_POINT('',(17.2473,-60.4883,-1.));
#2444 = DIRECTION('',(0.,1.,0.));
#2445 = DIRECTION('',(1.,0.,0.));
#2446 = ADVANCED_FACE('',(#2447),#2466,.T.);
#2447 = FACE_BOUND('',#2448,.F.);
#2448 = EDGE_LOOP('',(#2449,#2458,#2464,#2465));
#2449 = ORIENTED_EDGE('',*,*,#2450,.T.);
#2450 = EDGE_CURVE('',#2102,#2451,#2453,.T.);
#2451 = VERTEX_POINT('',#2452);
#2452 = CARTESIAN_POINT('',(15.2473,19.1015,-10.));
#2453 = CIRCLE('',#2454,9.);
#2454 = AXIS2_PLACEMENT_3D('',#2455,#2456,#2457);
#2455 = CARTESIAN_POINT('',(15.2473,19.1015,-1.));
#2456 = DIRECTION('',(-1.,0.,1.1E-16));
#2457 = DIRECTION('',(-1.1E-16,0.,-1.));
#2458 = ORIENTED_EDGE('',*,*,#2459,.T.);
#2459 = EDGE_CURVE('',#2451,#2385,#2460,.T.);
#2460 = LINE('',#2461,#2462);
#2461 = CARTESIAN_POINT('',(15.2473,19.1015,-10.));
#2462 = VECTOR('',#2463,1.);
#2463 = DIRECTION('',(1.,0.,0.));
#2464 = ORIENTED_EDGE('',*,*,#2416,.F.);
#2465 = ORIENTED_EDGE('',*,*,#2109,.F.);
#2466 = CYLINDRICAL_SURFACE('',#2467,9.);
#2467 = AXIS2_PLACEMENT_3D('',#2468,#2469,#2470);
#2468 = CARTESIAN_POINT('',(15.2473,19.1015,-1.));
#2469 = DIRECTION('',(1.,0.,0.));
#2470 = DIRECTION('',(0.,1.,0.));
#2471 = ADVANCED_FACE('',(#2472),#2491,.T.);
#2472 = FACE_BOUND('',#2473,.F.);
#2473 = EDGE_LOOP('',(#2474,#2475,#2483,#2490));
#2474 = ORIENTED_EDGE('',*,*,#2434,.T.);
#2475 = ORIENTED_EDGE('',*,*,#2476,.T.);
#2476 = EDGE_CURVE('',#2394,#2477,#2479,.T.);
#2477 = VERTEX_POINT('',#2478);
#2478 = CARTESIAN_POINT('',(15.2473,-60.4883,-10.));
#2479 = LINE('',#2480,#2481);
#2480 = CARTESIAN_POINT('',(17.2473,-60.4883,-10.));
#2481 = VECTOR('',#2482,1.);
#2482 = DIRECTION('',(-1.,0.,0.));
#2483 = ORIENTED_EDGE('',*,*,#2484,.F.);
#2484 = EDGE_CURVE('',#2127,#2477,#2485,.T.);
#2485 = CIRCLE('',#2486,9.);
#2486 = AXIS2_PLACEMENT_3D('',#2487,#2488,#2489);
#2487 = CARTESIAN_POINT('',(15.2473,-60.4883,-1.));
#2488 = DIRECTION('',(1.,0.,0.));
#2489 = DIRECTION('',(0.,-1.,0.));
#2490 = ORIENTED_EDGE('',*,*,#2126,.F.);
#2491 = CYLINDRICAL_SURFACE('',#2492,9.);
#2492 = AXIS2_PLACEMENT_3D('',#2493,#2494,#2495);
#2493 = CARTESIAN_POINT('',(17.2473,-60.4883,-1.));
#2494 = DIRECTION('',(-1.,0.,0.));
#2495 = DIRECTION('',(0.,-1.,0.));
#2496 = ADVANCED_FACE('',(#2497),#2508,.T.);
#2497 = FACE_BOUND('',#2498,.T.);
#2498 = EDGE_LOOP('',(#2499,#2500,#2501));
#2499 = ORIENTED_EDGE('',*,*,#2157,.F.);
#2500 = ORIENTED_EDGE('',*,*,#2450,.T.);
#2501 = ORIENTED_EDGE('',*,*,#2502,.F.);
#2502 = EDGE_CURVE('',#2150,#2451,#2503,.T.);
#2503 = CIRCLE('',#2504,9.);
#2504 = AXIS2_PLACEMENT_3D('',#2505,#2506,#2507);
#2505 = CARTESIAN_POINT('',(15.2473,19.1015,-1.));
#2506 = DIRECTION('',(0.,-1.,0.));
#2507 = DIRECTION('',(-1.,0.,5.E-17));
#2508 = SPHERICAL_SURFACE('',#2509,9.);
#2509 = AXIS2_PLACEMENT_3D('',#2510,#2511,#2512);
#2510 = CARTESIAN_POINT('',(15.2473,19.1015,-1.));
#2511 = DIRECTION('',(0.,-1.,0.));
#2512 = DIRECTION('',(-1.,0.,5.E-17));
#2513 = ADVANCED_FACE('',(#2514),#2525,.T.);
#2514 = FACE_BOUND('',#2515,.T.);
#2515 = EDGE_LOOP('',(#2516,#2517,#2518));
#2516 = ORIENTED_EDGE('',*,*,#2484,.F.);
#2517 = ORIENTED_EDGE('',*,*,#2173,.T.);
#2518 = ORIENTED_EDGE('',*,*,#2519,.F.);
#2519 = EDGE_CURVE('',#2477,#2174,#2520,.T.);
#2520 = CIRCLE('',#2521,9.);
#2521 = AXIS2_PLACEMENT_3D('',#2522,#2523,#2524);
#2522 = CARTESIAN_POINT('',(15.2473,-60.4883,-1.));
#2523 = DIRECTION('',(0.,1.,0.));
#2524 = DIRECTION('',(-2.E-16,0.,-1.));
#2525 = SPHERICAL_SURFACE('',#2526,9.);
#2526 = AXIS2_PLACEMENT_3D('',#2527,#2528,#2529);
#2527 = CARTESIAN_POINT('',(15.2473,-60.4883,-1.));
#2528 = DIRECTION('',(0.,1.,0.));
#2529 = DIRECTION('',(-2.E-16,0.,-1.));
#2530 = ADVANCED_FACE('',(#2531),#2542,.T.);
#2531 = FACE_BOUND('',#2532,.F.);
#2532 = EDGE_LOOP('',(#2533,#2534,#2535,#2541));
#2533 = ORIENTED_EDGE('',*,*,#2198,.F.);
#2534 = ORIENTED_EDGE('',*,*,#2519,.F.);
#2535 = ORIENTED_EDGE('',*,*,#2536,.T.);
#2536 = EDGE_CURVE('',#2477,#2451,#2537,.T.);
#2537 = LINE('',#2538,#2539);
#2538 = CARTESIAN_POINT('',(15.2473,-69.4883,-10.));
#2539 = VECTOR('',#2540,1.);
#2540 = DIRECTION('',(0.,1.,0.));
#2541 = ORIENTED_EDGE('',*,*,#2502,.F.);
#2542 = CYLINDRICAL_SURFACE('',#2543,9.);
#2543 = AXIS2_PLACEMENT_3D('',#2544,#2545,#2546);
#2544 = CARTESIAN_POINT('',(15.2473,-69.4883,-1.));
#2545 = DIRECTION('',(0.,1.,0.));
#2546 = DIRECTION('',(-1.,0.,0.));
#2547 = ADVANCED_FACE('',(#2548),#2554,.F.);
#2548 = FACE_BOUND('',#2549,.F.);
#2549 = EDGE_LOOP('',(#2550,#2551,#2552,#2553));
#2550 = ORIENTED_EDGE('',*,*,#2225,.F.);
#2551 = ORIENTED_EDGE('',*,*,#2291,.F.);
#2552 = ORIENTED_EDGE('',*,*,#2368,.F.);
#2553 = ORIENTED_EDGE('',*,*,#2308,.F.);
#2554 = PLANE('',#2555);
#2555 = AXIS2_PLACEMENT_3D('',#2556,#2557,#2558);
#2556 = CARTESIAN_POINT('',(179.6708,-20.858085,-10.));
#2557 = DIRECTION('',(0.,0.,1.));
#2558 = DIRECTION('',(1.,0.,0.));
#2559 = ADVANCED_FACE('',(#2560),#2566,.F.);
#2560 = FACE_BOUND('',#2561,.F.);
#2561 = EDGE_LOOP('',(#2562,#2563,#2564,#2565));
#2562 = ORIENTED_EDGE('',*,*,#2393,.F.);
#2563 = ORIENTED_EDGE('',*,*,#2459,.F.);
#2564 = ORIENTED_EDGE('',*,*,#2536,.F.);
#2565 = ORIENTED_EDGE('',*,*,#2476,.F.);
#2566 = PLANE('',#2567);
#2567 = AXIS2_PLACEMENT_3D('',#2568,#2569,#2570);
#2568 = CARTESIAN_POINT('',(179.6708,-20.858085,-10.));
#2569 = DIRECTION('',(0.,0.,1.));
#2570 = DIRECTION('',(1.,0.,0.));
#2571 = ( GEOMETRIC_REPRESENTATION_CONTEXT(3) 
GLOBAL_UNCERTAINTY_ASSIGNED_CONTEXT((#2575)) 
GLOBAL_UNIT_ASSIGNED_CONTEXT((#2572,#2573,#2574)) REPRESENTATION_CONTEXT
('Context #1','3D Context with UNIT and UNCERTAINTY') );
#2572 = ( LENGTH_UNIT() NAMED_UNIT(*) SI_UNIT(.MILLI.,.METRE.) );
#2573 = ( NAMED_UNIT(*) PLANE_ANGLE_UNIT() SI_UNIT($,.RADIAN.) );
#2574 = ( NAMED_UNIT(*) SI_UNIT($,.STERADIAN.) SOLID_ANGLE_UNIT() );
#2575 = UNCERTAINTY_MEASURE_WITH_UNIT(LENGTH_MEASURE(1.E-07),#2572,
  'distance_accuracy_value','confusion accuracy');
#2576 = PRODUCT_RELATED_PRODUCT_CATEGORY('part',$,(#7));
#2577 = MECHANICAL_DESIGN_GEOMETRIC_PRESENTATION_REPRESENTATION('',(
    #2578),#2571);
#2578 = STYLED_ITEM('color',(#2579),#15);
#2579 = PRESENTATION_STYLE_ASSIGNMENT((#2580,#2586));
#2580 = SURFACE_STYLE_USAGE(.BOTH.,#2581);
#2581 = SURFACE_SIDE_STYLE('',(#2582));
#2582 = SURFACE_STYLE_FILL_AREA(#2583);
#2583 = FILL_AREA_STYLE('',(#2584));
#2584 = FILL_AREA_STYLE_COLOUR('',#2585);
#2585 = COLOUR_RGB('',0.678431390124,0.709803936702,0.741176476869);
#2586 = CURVE_STYLE('',#2587,POSITIVE_LENGTH_MEASURE(0.1),#2588);
#2587 = DRAUGHTING_PRE_DEFINED_CURVE_FONT('continuous');
#2588 = COLOUR_RGB('',9.803921802644E-02,9.803921802644E-02,
  9.803921802644E-02);
ENDSEC;
END-ISO-10303-21;
